ISO-10303-21;
HEADER;
/* Generated by software containing ST-Developer
 * from STEP Tools, Inc. (www.steptools.com) 
 */

FILE_DESCRIPTION(
/* description */ (''),
/* implementation_level */ '2;1');

FILE_NAME(
/* name */ '73ac2304-de2b-4d39-be46-9726ea8c679b.stp',
/* time_stamp */ '2026-10-07T16:30:34Z',
/* author */ (''),
/* organization */ (''),
/* preprocessor_version */ 'ST-DEVELOPER v20.2',
/* originating_system */ 'Autodesk Translation Framework v15.17.0.0',
/* authorisation */ '');

FILE_SCHEMA (('AUTOMOTIVE_DESIGN { 1 0 10303 214 3 1 1 }'));
ENDSEC;

DATA;
#10=MECHANICAL_DESIGN_GEOMETRIC_PRESENTATION_REPRESENTATION('',(#13,#14),
#2638);
#11=SHAPE_REPRESENTATION_RELATIONSHIP('SRR','None',#2645,#12);
#12=ADVANCED_BREP_SHAPE_REPRESENTATION('',(#15,#16),#2637);
#13=STYLED_ITEM('',(#2655),#15);
#14=STYLED_ITEM('',(#2656),#16);
#15=MANIFOLD_SOLID_BREP('ArduVCU_Base',#1529);
#16=MANIFOLD_SOLID_BREP('ArduVCU_Lid',#1530);
#17=FACE_BOUND('',#218,.T.);
#18=FACE_BOUND('',#219,.T.);
#19=FACE_BOUND('',#220,.T.);
#20=FACE_BOUND('',#221,.T.);
#21=FACE_BOUND('',#223,.T.);
#22=FACE_BOUND('',#224,.T.);
#23=FACE_BOUND('',#225,.T.);
#24=FACE_BOUND('',#226,.T.);
#25=FACE_BOUND('',#252,.T.);
#26=FACE_BOUND('',#255,.T.);
#27=FACE_BOUND('',#258,.T.);
#28=FACE_BOUND('',#261,.T.);
#29=FACE_BOUND('',#264,.T.);
#30=FACE_BOUND('',#267,.T.);
#31=FACE_BOUND('',#270,.T.);
#32=FACE_BOUND('',#273,.T.);
#33=FACE_BOUND('',#287,.T.);
#34=FACE_BOUND('',#288,.T.);
#35=FACE_BOUND('',#289,.T.);
#36=FACE_BOUND('',#290,.T.);
#37=FACE_BOUND('',#291,.T.);
#38=FACE_BOUND('',#292,.T.);
#39=FACE_BOUND('',#293,.T.);
#40=FACE_BOUND('',#294,.T.);
#41=FACE_BOUND('',#295,.T.);
#42=FACE_BOUND('',#296,.T.);
#43=FACE_BOUND('',#297,.T.);
#44=FACE_BOUND('',#331,.T.);
#45=FACE_BOUND('',#332,.T.);
#46=FACE_BOUND('',#333,.T.);
#47=FACE_BOUND('',#334,.T.);
#48=FACE_BOUND('',#336,.T.);
#49=FACE_BOUND('',#337,.T.);
#50=FACE_BOUND('',#338,.T.);
#51=FACE_BOUND('',#339,.T.);
#52=PLANE('',#1550);
#53=PLANE('',#1554);
#54=PLANE('',#1561);
#55=PLANE('',#1565);
#56=PLANE('',#1566);
#57=PLANE('',#1573);
#58=PLANE('',#1580);
#59=PLANE('',#1584);
#60=PLANE('',#1588);
#61=PLANE('',#1592);
#62=PLANE('',#1593);
#63=PLANE('',#1597);
#64=PLANE('',#1601);
#65=PLANE('',#1605);
#66=PLANE('',#1609);
#67=PLANE('',#1613);
#68=PLANE('',#1617);
#69=PLANE('',#1621);
#70=PLANE('',#1628);
#71=PLANE('',#1632);
#72=PLANE('',#1636);
#73=PLANE('',#1640);
#74=PLANE('',#1644);
#75=PLANE('',#1648);
#76=PLANE('',#1652);
#77=PLANE('',#1656);
#78=PLANE('',#1657);
#79=PLANE('',#1660);
#80=PLANE('',#1663);
#81=PLANE('',#1666);
#82=PLANE('',#1673);
#83=PLANE('',#1674);
#84=PLANE('',#1675);
#85=PLANE('',#1679);
#86=PLANE('',#1683);
#87=PLANE('',#1684);
#88=PLANE('',#1685);
#89=PLANE('',#1686);
#90=PLANE('',#1687);
#91=PLANE('',#1691);
#92=PLANE('',#1692);
#93=PLANE('',#1696);
#94=PLANE('',#1697);
#95=PLANE('',#1698);
#96=PLANE('',#1699);
#97=PLANE('',#1700);
#98=PLANE('',#1701);
#99=PLANE('',#1702);
#100=PLANE('',#1703);
#101=PLANE('',#1704);
#102=PLANE('',#1705);
#103=PLANE('',#1718);
#104=PLANE('',#1719);
#105=PLANE('',#1720);
#106=PLANE('',#1721);
#107=PLANE('',#1722);
#108=PLANE('',#1723);
#109=FACE_OUTER_BOUND('',#207,.T.);
#110=FACE_OUTER_BOUND('',#208,.T.);
#111=FACE_OUTER_BOUND('',#209,.T.);
#112=FACE_OUTER_BOUND('',#210,.T.);
#113=FACE_OUTER_BOUND('',#211,.T.);
#114=FACE_OUTER_BOUND('',#212,.T.);
#115=FACE_OUTER_BOUND('',#213,.T.);
#116=FACE_OUTER_BOUND('',#214,.T.);
#117=FACE_OUTER_BOUND('',#215,.T.);
#118=FACE_OUTER_BOUND('',#216,.T.);
#119=FACE_OUTER_BOUND('',#217,.T.);
#120=FACE_OUTER_BOUND('',#222,.T.);
#121=FACE_OUTER_BOUND('',#227,.T.);
#122=FACE_OUTER_BOUND('',#228,.T.);
#123=FACE_OUTER_BOUND('',#229,.T.);
#124=FACE_OUTER_BOUND('',#230,.T.);
#125=FACE_OUTER_BOUND('',#231,.T.);
#126=FACE_OUTER_BOUND('',#232,.T.);
#127=FACE_OUTER_BOUND('',#233,.T.);
#128=FACE_OUTER_BOUND('',#234,.T.);
#129=FACE_OUTER_BOUND('',#235,.T.);
#130=FACE_OUTER_BOUND('',#236,.T.);
#131=FACE_OUTER_BOUND('',#237,.T.);
#132=FACE_OUTER_BOUND('',#238,.T.);
#133=FACE_OUTER_BOUND('',#239,.T.);
#134=FACE_OUTER_BOUND('',#240,.T.);
#135=FACE_OUTER_BOUND('',#241,.T.);
#136=FACE_OUTER_BOUND('',#242,.T.);
#137=FACE_OUTER_BOUND('',#243,.T.);
#138=FACE_OUTER_BOUND('',#244,.T.);
#139=FACE_OUTER_BOUND('',#245,.T.);
#140=FACE_OUTER_BOUND('',#246,.T.);
#141=FACE_OUTER_BOUND('',#247,.T.);
#142=FACE_OUTER_BOUND('',#248,.T.);
#143=FACE_OUTER_BOUND('',#249,.T.);
#144=FACE_OUTER_BOUND('',#250,.T.);
#145=FACE_OUTER_BOUND('',#251,.T.);
#146=FACE_OUTER_BOUND('',#253,.T.);
#147=FACE_OUTER_BOUND('',#254,.T.);
#148=FACE_OUTER_BOUND('',#256,.T.);
#149=FACE_OUTER_BOUND('',#257,.T.);
#150=FACE_OUTER_BOUND('',#259,.T.);
#151=FACE_OUTER_BOUND('',#260,.T.);
#152=FACE_OUTER_BOUND('',#262,.T.);
#153=FACE_OUTER_BOUND('',#263,.T.);
#154=FACE_OUTER_BOUND('',#265,.T.);
#155=FACE_OUTER_BOUND('',#266,.T.);
#156=FACE_OUTER_BOUND('',#268,.T.);
#157=FACE_OUTER_BOUND('',#269,.T.);
#158=FACE_OUTER_BOUND('',#271,.T.);
#159=FACE_OUTER_BOUND('',#272,.T.);
#160=FACE_OUTER_BOUND('',#274,.T.);
#161=FACE_OUTER_BOUND('',#275,.T.);
#162=FACE_OUTER_BOUND('',#276,.T.);
#163=FACE_OUTER_BOUND('',#277,.T.);
#164=FACE_OUTER_BOUND('',#278,.T.);
#165=FACE_OUTER_BOUND('',#279,.T.);
#166=FACE_OUTER_BOUND('',#280,.T.);
#167=FACE_OUTER_BOUND('',#281,.T.);
#168=FACE_OUTER_BOUND('',#282,.T.);
#169=FACE_OUTER_BOUND('',#283,.T.);
#170=FACE_OUTER_BOUND('',#284,.T.);
#171=FACE_OUTER_BOUND('',#285,.T.);
#172=FACE_OUTER_BOUND('',#286,.T.);
#173=FACE_OUTER_BOUND('',#298,.T.);
#174=FACE_OUTER_BOUND('',#299,.T.);
#175=FACE_OUTER_BOUND('',#300,.T.);
#176=FACE_OUTER_BOUND('',#301,.T.);
#177=FACE_OUTER_BOUND('',#302,.T.);
#178=FACE_OUTER_BOUND('',#303,.T.);
#179=FACE_OUTER_BOUND('',#304,.T.);
#180=FACE_OUTER_BOUND('',#305,.T.);
#181=FACE_OUTER_BOUND('',#306,.T.);
#182=FACE_OUTER_BOUND('',#307,.T.);
#183=FACE_OUTER_BOUND('',#308,.T.);
#184=FACE_OUTER_BOUND('',#309,.T.);
#185=FACE_OUTER_BOUND('',#310,.T.);
#186=FACE_OUTER_BOUND('',#311,.T.);
#187=FACE_OUTER_BOUND('',#312,.T.);
#188=FACE_OUTER_BOUND('',#313,.T.);
#189=FACE_OUTER_BOUND('',#314,.T.);
#190=FACE_OUTER_BOUND('',#315,.T.);
#191=FACE_OUTER_BOUND('',#316,.T.);
#192=FACE_OUTER_BOUND('',#317,.T.);
#193=FACE_OUTER_BOUND('',#318,.T.);
#194=FACE_OUTER_BOUND('',#319,.T.);
#195=FACE_OUTER_BOUND('',#320,.T.);
#196=FACE_OUTER_BOUND('',#321,.T.);
#197=FACE_OUTER_BOUND('',#322,.T.);
#198=FACE_OUTER_BOUND('',#323,.T.);
#199=FACE_OUTER_BOUND('',#324,.T.);
#200=FACE_OUTER_BOUND('',#325,.T.);
#201=FACE_OUTER_BOUND('',#326,.T.);
#202=FACE_OUTER_BOUND('',#327,.T.);
#203=FACE_OUTER_BOUND('',#328,.T.);
#204=FACE_OUTER_BOUND('',#329,.T.);
#205=FACE_OUTER_BOUND('',#330,.T.);
#206=FACE_OUTER_BOUND('',#335,.T.);
#207=EDGE_LOOP('',(#990,#991,#992,#993));
#208=EDGE_LOOP('',(#994,#995,#996,#997));
#209=EDGE_LOOP('',(#998,#999,#1000));
#210=EDGE_LOOP('',(#1001,#1002,#1003,#1004));
#211=EDGE_LOOP('',(#1005,#1006,#1007,#1008));
#212=EDGE_LOOP('',(#1009,#1010,#1011,#1012));
#213=EDGE_LOOP('',(#1013,#1014,#1015,#1016));
#214=EDGE_LOOP('',(#1017,#1018,#1019,#1020));
#215=EDGE_LOOP('',(#1021,#1022,#1023,#1024));
#216=EDGE_LOOP('',(#1025,#1026,#1027,#1028));
#217=EDGE_LOOP('',(#1029,#1030,#1031,#1032,#1033,#1034,#1035,#1036,#1037,
#1038));
#218=EDGE_LOOP('',(#1039));
#219=EDGE_LOOP('',(#1040));
#220=EDGE_LOOP('',(#1041,#1042,#1043));
#221=EDGE_LOOP('',(#1044,#1045,#1046));
#222=EDGE_LOOP('',(#1047,#1048,#1049,#1050,#1051,#1052,#1053,#1054,#1055,
#1056));
#223=EDGE_LOOP('',(#1057,#1058,#1059));
#224=EDGE_LOOP('',(#1060,#1061,#1062));
#225=EDGE_LOOP('',(#1063));
#226=EDGE_LOOP('',(#1064));
#227=EDGE_LOOP('',(#1065,#1066,#1067,#1068,#1069,#1070,#1071,#1072,#1073,
#1074,#1075,#1076));
#228=EDGE_LOOP('',(#1077,#1078,#1079,#1080));
#229=EDGE_LOOP('',(#1081));
#230=EDGE_LOOP('',(#1082,#1083,#1084,#1085));
#231=EDGE_LOOP('',(#1086));
#232=EDGE_LOOP('',(#1087,#1088,#1089,#1090));
#233=EDGE_LOOP('',(#1091));
#234=EDGE_LOOP('',(#1092));
#235=EDGE_LOOP('',(#1093,#1094,#1095,#1096));
#236=EDGE_LOOP('',(#1097));
#237=EDGE_LOOP('',(#1098,#1099,#1100,#1101));
#238=EDGE_LOOP('',(#1102));
#239=EDGE_LOOP('',(#1103,#1104,#1105,#1106));
#240=EDGE_LOOP('',(#1107));
#241=EDGE_LOOP('',(#1108,#1109,#1110,#1111));
#242=EDGE_LOOP('',(#1112));
#243=EDGE_LOOP('',(#1113,#1114,#1115,#1116));
#244=EDGE_LOOP('',(#1117));
#245=EDGE_LOOP('',(#1118,#1119,#1120,#1121));
#246=EDGE_LOOP('',(#1122));
#247=EDGE_LOOP('',(#1123,#1124,#1125,#1126));
#248=EDGE_LOOP('',(#1127));
#249=EDGE_LOOP('',(#1128,#1129,#1130,#1131));
#250=EDGE_LOOP('',(#1132,#1133,#1134,#1135));
#251=EDGE_LOOP('',(#1136));
#252=EDGE_LOOP('',(#1137));
#253=EDGE_LOOP('',(#1138,#1139,#1140,#1141));
#254=EDGE_LOOP('',(#1142));
#255=EDGE_LOOP('',(#1143));
#256=EDGE_LOOP('',(#1144,#1145,#1146,#1147));
#257=EDGE_LOOP('',(#1148));
#258=EDGE_LOOP('',(#1149));
#259=EDGE_LOOP('',(#1150,#1151,#1152,#1153));
#260=EDGE_LOOP('',(#1154));
#261=EDGE_LOOP('',(#1155));
#262=EDGE_LOOP('',(#1156,#1157,#1158,#1159));
#263=EDGE_LOOP('',(#1160));
#264=EDGE_LOOP('',(#1161));
#265=EDGE_LOOP('',(#1162,#1163,#1164,#1165));
#266=EDGE_LOOP('',(#1166));
#267=EDGE_LOOP('',(#1167));
#268=EDGE_LOOP('',(#1168,#1169,#1170,#1171));
#269=EDGE_LOOP('',(#1172));
#270=EDGE_LOOP('',(#1173));
#271=EDGE_LOOP('',(#1174,#1175,#1176,#1177));
#272=EDGE_LOOP('',(#1178));
#273=EDGE_LOOP('',(#1179));
#274=EDGE_LOOP('',(#1180));
#275=EDGE_LOOP('',(#1181,#1182,#1183,#1184));
#276=EDGE_LOOP('',(#1185));
#277=EDGE_LOOP('',(#1186,#1187,#1188,#1189));
#278=EDGE_LOOP('',(#1190));
#279=EDGE_LOOP('',(#1191,#1192,#1193,#1194));
#280=EDGE_LOOP('',(#1195));
#281=EDGE_LOOP('',(#1196,#1197,#1198,#1199));
#282=EDGE_LOOP('',(#1200,#1201,#1202,#1203));
#283=EDGE_LOOP('',(#1204,#1205,#1206,#1207));
#284=EDGE_LOOP('',(#1208,#1209,#1210,#1211));
#285=EDGE_LOOP('',(#1212,#1213,#1214,#1215));
#286=EDGE_LOOP('',(#1216,#1217,#1218,#1219,#1220,#1221,#1222,#1223));
#287=EDGE_LOOP('',(#1224));
#288=EDGE_LOOP('',(#1225));
#289=EDGE_LOOP('',(#1226));
#290=EDGE_LOOP('',(#1227));
#291=EDGE_LOOP('',(#1228));
#292=EDGE_LOOP('',(#1229));
#293=EDGE_LOOP('',(#1230));
#294=EDGE_LOOP('',(#1231));
#295=EDGE_LOOP('',(#1232));
#296=EDGE_LOOP('',(#1233));
#297=EDGE_LOOP('',(#1234));
#298=EDGE_LOOP('',(#1235,#1236,#1237));
#299=EDGE_LOOP('',(#1238,#1239,#1240,#1241));
#300=EDGE_LOOP('',(#1242,#1243,#1244,#1245));
#301=EDGE_LOOP('',(#1246,#1247,#1248,#1249));
#302=EDGE_LOOP('',(#1250,#1251,#1252,#1253));
#303=EDGE_LOOP('',(#1254,#1255,#1256));
#304=EDGE_LOOP('',(#1257,#1258,#1259,#1260,#1261,#1262,#1263));
#305=EDGE_LOOP('',(#1264,#1265,#1266,#1267));
#306=EDGE_LOOP('',(#1268,#1269,#1270,#1271));
#307=EDGE_LOOP('',(#1272,#1273,#1274,#1275));
#308=EDGE_LOOP('',(#1276,#1277,#1278,#1279));
#309=EDGE_LOOP('',(#1280,#1281,#1282));
#310=EDGE_LOOP('',(#1283,#1284,#1285,#1286));
#311=EDGE_LOOP('',(#1287,#1288,#1289,#1290));
#312=EDGE_LOOP('',(#1291,#1292,#1293,#1294));
#313=EDGE_LOOP('',(#1295,#1296,#1297,#1298));
#314=EDGE_LOOP('',(#1299,#1300,#1301,#1302));
#315=EDGE_LOOP('',(#1303,#1304,#1305,#1306));
#316=EDGE_LOOP('',(#1307,#1308,#1309));
#317=EDGE_LOOP('',(#1310,#1311,#1312,#1313));
#318=EDGE_LOOP('',(#1314,#1315,#1316,#1317,#1318,#1319,#1320,#1321,#1322,
#1323,#1324,#1325));
#319=EDGE_LOOP('',(#1326,#1327,#1328,#1329));
#320=EDGE_LOOP('',(#1330,#1331,#1332,#1333,#1334,#1335,#1336,#1337));
#321=EDGE_LOOP('',(#1338,#1339,#1340,#1341));
#322=EDGE_LOOP('',(#1342,#1343,#1344,#1345));
#323=EDGE_LOOP('',(#1346,#1347,#1348,#1349));
#324=EDGE_LOOP('',(#1350,#1351,#1352,#1353));
#325=EDGE_LOOP('',(#1354,#1355,#1356,#1357));
#326=EDGE_LOOP('',(#1358,#1359,#1360,#1361));
#327=EDGE_LOOP('',(#1362,#1363,#1364,#1365));
#328=EDGE_LOOP('',(#1366,#1367,#1368,#1369));
#329=EDGE_LOOP('',(#1370,#1371,#1372,#1373));
#330=EDGE_LOOP('',(#1374,#1375,#1376,#1377));
#331=EDGE_LOOP('',(#1378));
#332=EDGE_LOOP('',(#1379));
#333=EDGE_LOOP('',(#1380));
#334=EDGE_LOOP('',(#1381));
#335=EDGE_LOOP('',(#1382,#1383,#1384,#1385));
#336=EDGE_LOOP('',(#1386));
#337=EDGE_LOOP('',(#1387));
#338=EDGE_LOOP('',(#1388));
#339=EDGE_LOOP('',(#1389));
#340=CIRCLE('',#1545,2.5);
#341=CIRCLE('',#1546,2.5);
#342=CIRCLE('',#1548,2.5);
#343=CIRCLE('',#1549,2.5);
#344=CIRCLE('',#1552,4.49999999999999);
#345=CIRCLE('',#1553,4.49999999999999);
#346=CIRCLE('',#1555,4.49999999999999);
#347=CIRCLE('',#1557,4.49999999999999);
#348=CIRCLE('',#1559,4.49999999999999);
#349=CIRCLE('',#1560,4.49999999999999);
#350=CIRCLE('',#1562,4.49999999999999);
#351=CIRCLE('',#1564,4.49999999999999);
#352=CIRCLE('',#1567,4.);
#353=CIRCLE('',#1568,4.);
#354=CIRCLE('',#1569,2.05);
#355=CIRCLE('',#1570,2.05);
#356=CIRCLE('',#1571,4.);
#357=CIRCLE('',#1572,4.);
#358=CIRCLE('',#1574,4.);
#359=CIRCLE('',#1575,4.);
#360=CIRCLE('',#1576,4.);
#361=CIRCLE('',#1577,4.);
#362=CIRCLE('',#1578,2.05);
#363=CIRCLE('',#1579,2.05);
#364=CIRCLE('',#1582,1.99999999999999);
#365=CIRCLE('',#1583,1.99999999999999);
#366=CIRCLE('',#1586,1.99999999999999);
#367=CIRCLE('',#1587,1.99999999999999);
#368=CIRCLE('',#1590,2.);
#369=CIRCLE('',#1591,2.);
#370=CIRCLE('',#1594,0.999999999999996);
#371=CIRCLE('',#1596,0.999999999999996);
#372=CIRCLE('',#1598,1.);
#373=CIRCLE('',#1600,1.);
#374=CIRCLE('',#1602,0.999999999999996);
#375=CIRCLE('',#1604,0.999999999999996);
#376=CIRCLE('',#1606,0.999999999999996);
#377=CIRCLE('',#1608,0.999999999999996);
#378=CIRCLE('',#1610,1.);
#379=CIRCLE('',#1612,1.);
#380=CIRCLE('',#1614,1.);
#381=CIRCLE('',#1616,1.);
#382=CIRCLE('',#1618,0.999999999999996);
#383=CIRCLE('',#1620,0.999999999999996);
#384=CIRCLE('',#1622,0.999999999999996);
#385=CIRCLE('',#1624,0.999999999999996);
#386=CIRCLE('',#1626,2.5);
#387=CIRCLE('',#1627,2.5);
#388=CIRCLE('',#1630,2.5);
#389=CIRCLE('',#1631,2.5);
#390=CIRCLE('',#1634,2.5);
#391=CIRCLE('',#1635,2.5);
#392=CIRCLE('',#1638,2.5);
#393=CIRCLE('',#1639,2.5);
#394=CIRCLE('',#1642,2.5);
#395=CIRCLE('',#1643,2.5);
#396=CIRCLE('',#1646,2.5);
#397=CIRCLE('',#1647,2.5);
#398=CIRCLE('',#1650,2.5);
#399=CIRCLE('',#1651,2.5);
#400=CIRCLE('',#1654,2.5);
#401=CIRCLE('',#1655,2.5);
#402=CIRCLE('',#1658,2.05);
#403=CIRCLE('',#1661,2.05);
#404=CIRCLE('',#1664,2.05);
#405=CIRCLE('',#1667,2.05);
#406=CIRCLE('',#1670,4.);
#407=CIRCLE('',#1672,4.);
#408=CIRCLE('',#1676,4.);
#409=CIRCLE('',#1677,4.);
#410=CIRCLE('',#1678,4.);
#411=CIRCLE('',#1682,4.);
#412=CIRCLE('',#1690,4.);
#413=CIRCLE('',#1695,4.);
#414=CIRCLE('',#1707,1.7);
#415=CIRCLE('',#1708,1.7);
#416=CIRCLE('',#1710,1.7);
#417=CIRCLE('',#1711,1.7);
#418=CIRCLE('',#1713,1.7);
#419=CIRCLE('',#1714,1.7);
#420=CIRCLE('',#1716,1.7);
#421=CIRCLE('',#1717,1.7);
#422=LINE('',#2208,#540);
#423=LINE('',#2212,#541);
#424=LINE('',#2217,#542);
#425=LINE('',#2219,#543);
#426=LINE('',#2222,#544);
#427=LINE('',#2226,#545);
#428=LINE('',#2230,#546);
#429=LINE('',#2234,#547);
#430=LINE('',#2237,#548);
#431=LINE('',#2240,#549);
#432=LINE('',#2243,#550);
#433=LINE('',#2247,#551);
#434=LINE('',#2251,#552);
#435=LINE('',#2255,#553);
#436=LINE('',#2258,#554);
#437=LINE('',#2261,#555);
#438=LINE('',#2264,#556);
#439=LINE('',#2266,#557);
#440=LINE('',#2267,#558);
#441=LINE('',#2270,#559);
#442=LINE('',#2272,#560);
#443=LINE('',#2273,#561);
#444=LINE('',#2275,#562);
#445=LINE('',#2279,#563);
#446=LINE('',#2282,#564);
#447=LINE('',#2289,#565);
#448=LINE('',#2291,#566);
#449=LINE('',#2295,#567);
#450=LINE('',#2297,#568);
#451=LINE('',#2301,#569);
#452=LINE('',#2305,#570);
#453=LINE('',#2308,#571);
#454=LINE('',#2310,#572);
#455=LINE('',#2312,#573);
#456=LINE('',#2313,#574);
#457=LINE('',#2318,#575);
#458=LINE('',#2319,#576);
#459=LINE('',#2322,#577);
#460=LINE('',#2324,#578);
#461=LINE('',#2332,#579);
#462=LINE('',#2334,#580);
#463=LINE('',#2335,#581);
#464=LINE('',#2340,#582);
#465=LINE('',#2347,#583);
#466=LINE('',#2354,#584);
#467=LINE('',#2362,#585);
#468=LINE('',#2369,#586);
#469=LINE('',#2376,#587);
#470=LINE('',#2383,#588);
#471=LINE('',#2390,#589);
#472=LINE('',#2397,#590);
#473=LINE('',#2404,#591);
#474=LINE('',#2411,#592);
#475=LINE('',#2417,#593);
#476=LINE('',#2424,#594);
#477=LINE('',#2431,#595);
#478=LINE('',#2438,#596);
#479=LINE('',#2445,#597);
#480=LINE('',#2452,#598);
#481=LINE('',#2459,#599);
#482=LINE('',#2466,#600);
#483=LINE('',#2473,#601);
#484=LINE('',#2478,#602);
#485=LINE('',#2483,#603);
#486=LINE('',#2488,#604);
#487=LINE('',#2491,#605);
#488=LINE('',#2495,#606);
#489=LINE('',#2497,#607);
#490=LINE('',#2501,#608);
#491=LINE('',#2502,#609);
#492=LINE('',#2505,#610);
#493=LINE('',#2506,#611);
#494=LINE('',#2511,#612);
#495=LINE('',#2515,#613);
#496=LINE('',#2518,#614);
#497=LINE('',#2520,#615);
#498=LINE('',#2521,#616);
#499=LINE('',#2524,#617);
#500=LINE('',#2526,#618);
#501=LINE('',#2529,#619);
#502=LINE('',#2532,#620);
#503=LINE('',#2533,#621);
#504=LINE('',#2535,#622);
#505=LINE('',#2537,#623);
#506=LINE('',#2542,#624);
#507=LINE('',#2544,#625);
#508=LINE('',#2548,#626);
#509=LINE('',#2549,#627);
#510=LINE('',#2551,#628);
#511=LINE('',#2555,#629);
#512=LINE('',#2558,#630);
#513=LINE('',#2562,#631);
#514=LINE('',#2563,#632);
#515=LINE('',#2566,#633);
#516=LINE('',#2571,#634);
#517=LINE('',#2572,#635);
#518=LINE('',#2573,#636);
#519=LINE('',#2576,#637);
#520=LINE('',#2577,#638);
#521=LINE('',#2580,#639);
#522=LINE('',#2581,#640);
#523=LINE('',#2583,#641);
#524=LINE('',#2589,#642);
#525=LINE('',#2595,#643);
#526=LINE('',#2601,#644);
#527=LINE('',#2607,#645);
#528=LINE('',#2612,#646);
#529=LINE('',#2614,#647);
#530=LINE('',#2616,#648);
#531=LINE('',#2617,#649);
#532=LINE('',#2620,#650);
#533=LINE('',#2622,#651);
#534=LINE('',#2623,#652);
#535=LINE('',#2626,#653);
#536=LINE('',#2628,#654);
#537=LINE('',#2629,#655);
#538=LINE('',#2631,#656);
#539=LINE('',#2632,#657);
#540=VECTOR('',#1728,10.);
#541=VECTOR('',#1731,10.);
#542=VECTOR('',#1736,10.);
#543=VECTOR('',#1739,10.);
#544=VECTOR('',#1744,10.);
#545=VECTOR('',#1747,10.);
#546=VECTOR('',#1750,10.);
#547=VECTOR('',#1755,10.);
#548=VECTOR('',#1758,10.);
#549=VECTOR('',#1761,10.);
#550=VECTOR('',#1764,10.);
#551=VECTOR('',#1767,10.);
#552=VECTOR('',#1770,10.);
#553=VECTOR('',#1775,10.);
#554=VECTOR('',#1778,10.);
#555=VECTOR('',#1781,10.);
#556=VECTOR('',#1784,10.);
#557=VECTOR('',#1787,10.);
#558=VECTOR('',#1788,10.);
#559=VECTOR('',#1791,10.);
#560=VECTOR('',#1792,10.);
#561=VECTOR('',#1793,10.);
#562=VECTOR('',#1794,10.);
#563=VECTOR('',#1797,10.);
#564=VECTOR('',#1800,10.);
#565=VECTOR('',#1805,10.);
#566=VECTOR('',#1806,10.);
#567=VECTOR('',#1809,10.);
#568=VECTOR('',#1810,10.);
#569=VECTOR('',#1815,10.);
#570=VECTOR('',#1818,10.);
#571=VECTOR('',#1821,10.);
#572=VECTOR('',#1822,10.);
#573=VECTOR('',#1823,10.);
#574=VECTOR('',#1824,10.);
#575=VECTOR('',#1827,10.);
#576=VECTOR('',#1828,10.);
#577=VECTOR('',#1829,10.);
#578=VECTOR('',#1830,10.);
#579=VECTOR('',#1839,10.);
#580=VECTOR('',#1840,10.);
#581=VECTOR('',#1841,10.);
#582=VECTOR('',#1846,1.99999999999999);
#583=VECTOR('',#1855,1.99999999999999);
#584=VECTOR('',#1864,2.);
#585=VECTOR('',#1875,0.999999999999996);
#586=VECTOR('',#1884,1.);
#587=VECTOR('',#1893,0.999999999999996);
#588=VECTOR('',#1902,0.999999999999996);
#589=VECTOR('',#1911,1.);
#590=VECTOR('',#1920,1.);
#591=VECTOR('',#1929,0.999999999999996);
#592=VECTOR('',#1938,0.999999999999996);
#593=VECTOR('',#1945,2.5);
#594=VECTOR('',#1954,2.5);
#595=VECTOR('',#1963,2.5);
#596=VECTOR('',#1972,2.5);
#597=VECTOR('',#1981,2.5);
#598=VECTOR('',#1990,2.5);
#599=VECTOR('',#1999,2.5);
#600=VECTOR('',#2008,2.5);
#601=VECTOR('',#2019,2.05);
#602=VECTOR('',#2026,2.05);
#603=VECTOR('',#2033,2.05);
#604=VECTOR('',#2040,2.05);
#605=VECTOR('',#2043,10.);
#606=VECTOR('',#2048,10.);
#607=VECTOR('',#2049,10.);
#608=VECTOR('',#2054,10.);
#609=VECTOR('',#2055,10.);
#610=VECTOR('',#2058,10.);
#611=VECTOR('',#2059,10.);
#612=VECTOR('',#2064,10.);
#613=VECTOR('',#2067,10.);
#614=VECTOR('',#2072,10.);
#615=VECTOR('',#2075,10.);
#616=VECTOR('',#2076,10.);
#617=VECTOR('',#2079,10.);
#618=VECTOR('',#2080,10.);
#619=VECTOR('',#2085,10.);
#620=VECTOR('',#2088,10.);
#621=VECTOR('',#2089,10.);
#622=VECTOR('',#2092,10.);
#623=VECTOR('',#2095,10.);
#624=VECTOR('',#2102,10.);
#625=VECTOR('',#2103,10.);
#626=VECTOR('',#2108,10.);
#627=VECTOR('',#2109,10.);
#628=VECTOR('',#2112,10.);
#629=VECTOR('',#2117,10.);
#630=VECTOR('',#2120,10.);
#631=VECTOR('',#2125,10.);
#632=VECTOR('',#2126,10.);
#633=VECTOR('',#2131,10.);
#634=VECTOR('',#2136,10.);
#635=VECTOR('',#2137,10.);
#636=VECTOR('',#2138,10.);
#637=VECTOR('',#2141,10.);
#638=VECTOR('',#2142,10.);
#639=VECTOR('',#2145,10.);
#640=VECTOR('',#2146,10.);
#641=VECTOR('',#2149,10.);
#642=VECTOR('',#2156,1.7);
#643=VECTOR('',#2163,1.7);
#644=VECTOR('',#2170,1.7);
#645=VECTOR('',#2177,1.7);
#646=VECTOR('',#2182,10.);
#647=VECTOR('',#2183,10.);
#648=VECTOR('',#2184,10.);
#649=VECTOR('',#2185,10.);
#650=VECTOR('',#2188,10.);
#651=VECTOR('',#2189,10.);
#652=VECTOR('',#2190,10.);
#653=VECTOR('',#2193,10.);
#654=VECTOR('',#2194,10.);
#655=VECTOR('',#2195,10.);
#656=VECTOR('',#2198,10.);
#657=VECTOR('',#2199,10.);
#658=VERTEX_POINT('',#2206);
#659=VERTEX_POINT('',#2207);
#660=VERTEX_POINT('',#2209);
#661=VERTEX_POINT('',#2211);
#662=VERTEX_POINT('',#2215);
#663=VERTEX_POINT('',#2216);
#664=VERTEX_POINT('',#2224);
#665=VERTEX_POINT('',#2225);
#666=VERTEX_POINT('',#2227);
#667=VERTEX_POINT('',#2229);
#668=VERTEX_POINT('',#2233);
#669=VERTEX_POINT('',#2235);
#670=VERTEX_POINT('',#2239);
#671=VERTEX_POINT('',#2241);
#672=VERTEX_POINT('',#2245);
#673=VERTEX_POINT('',#2246);
#674=VERTEX_POINT('',#2248);
#675=VERTEX_POINT('',#2250);
#676=VERTEX_POINT('',#2254);
#677=VERTEX_POINT('',#2256);
#678=VERTEX_POINT('',#2260);
#679=VERTEX_POINT('',#2262);
#680=VERTEX_POINT('',#2269);
#681=VERTEX_POINT('',#2271);
#682=VERTEX_POINT('',#2274);
#683=VERTEX_POINT('',#2276);
#684=VERTEX_POINT('',#2278);
#685=VERTEX_POINT('',#2280);
#686=VERTEX_POINT('',#2283);
#687=VERTEX_POINT('',#2285);
#688=VERTEX_POINT('',#2287);
#689=VERTEX_POINT('',#2288);
#690=VERTEX_POINT('',#2290);
#691=VERTEX_POINT('',#2293);
#692=VERTEX_POINT('',#2294);
#693=VERTEX_POINT('',#2296);
#694=VERTEX_POINT('',#2300);
#695=VERTEX_POINT('',#2302);
#696=VERTEX_POINT('',#2304);
#697=VERTEX_POINT('',#2306);
#698=VERTEX_POINT('',#2309);
#699=VERTEX_POINT('',#2311);
#700=VERTEX_POINT('',#2314);
#701=VERTEX_POINT('',#2315);
#702=VERTEX_POINT('',#2317);
#703=VERTEX_POINT('',#2320);
#704=VERTEX_POINT('',#2321);
#705=VERTEX_POINT('',#2323);
#706=VERTEX_POINT('',#2326);
#707=VERTEX_POINT('',#2328);
#708=VERTEX_POINT('',#2331);
#709=VERTEX_POINT('',#2333);
#710=VERTEX_POINT('',#2337);
#711=VERTEX_POINT('',#2339);
#712=VERTEX_POINT('',#2344);
#713=VERTEX_POINT('',#2346);
#714=VERTEX_POINT('',#2351);
#715=VERTEX_POINT('',#2353);
#716=VERTEX_POINT('',#2358);
#717=VERTEX_POINT('',#2361);
#718=VERTEX_POINT('',#2365);
#719=VERTEX_POINT('',#2368);
#720=VERTEX_POINT('',#2372);
#721=VERTEX_POINT('',#2375);
#722=VERTEX_POINT('',#2379);
#723=VERTEX_POINT('',#2382);
#724=VERTEX_POINT('',#2386);
#725=VERTEX_POINT('',#2389);
#726=VERTEX_POINT('',#2393);
#727=VERTEX_POINT('',#2396);
#728=VERTEX_POINT('',#2400);
#729=VERTEX_POINT('',#2403);
#730=VERTEX_POINT('',#2407);
#731=VERTEX_POINT('',#2410);
#732=VERTEX_POINT('',#2414);
#733=VERTEX_POINT('',#2416);
#734=VERTEX_POINT('',#2421);
#735=VERTEX_POINT('',#2423);
#736=VERTEX_POINT('',#2428);
#737=VERTEX_POINT('',#2430);
#738=VERTEX_POINT('',#2435);
#739=VERTEX_POINT('',#2437);
#740=VERTEX_POINT('',#2442);
#741=VERTEX_POINT('',#2444);
#742=VERTEX_POINT('',#2449);
#743=VERTEX_POINT('',#2451);
#744=VERTEX_POINT('',#2456);
#745=VERTEX_POINT('',#2458);
#746=VERTEX_POINT('',#2463);
#747=VERTEX_POINT('',#2465);
#748=VERTEX_POINT('',#2470);
#749=VERTEX_POINT('',#2475);
#750=VERTEX_POINT('',#2480);
#751=VERTEX_POINT('',#2485);
#752=VERTEX_POINT('',#2490);
#753=VERTEX_POINT('',#2494);
#754=VERTEX_POINT('',#2496);
#755=VERTEX_POINT('',#2500);
#756=VERTEX_POINT('',#2504);
#757=VERTEX_POINT('',#2508);
#758=VERTEX_POINT('',#2510);
#759=VERTEX_POINT('',#2512);
#760=VERTEX_POINT('',#2514);
#761=VERTEX_POINT('',#2523);
#762=VERTEX_POINT('',#2525);
#763=VERTEX_POINT('',#2531);
#764=VERTEX_POINT('',#2541);
#765=VERTEX_POINT('',#2543);
#766=VERTEX_POINT('',#2547);
#767=VERTEX_POINT('',#2554);
#768=VERTEX_POINT('',#2556);
#769=VERTEX_POINT('',#2561);
#770=VERTEX_POINT('',#2569);
#771=VERTEX_POINT('',#2570);
#772=VERTEX_POINT('',#2575);
#773=VERTEX_POINT('',#2579);
#774=VERTEX_POINT('',#2586);
#775=VERTEX_POINT('',#2588);
#776=VERTEX_POINT('',#2592);
#777=VERTEX_POINT('',#2594);
#778=VERTEX_POINT('',#2598);
#779=VERTEX_POINT('',#2600);
#780=VERTEX_POINT('',#2604);
#781=VERTEX_POINT('',#2606);
#782=VERTEX_POINT('',#2610);
#783=VERTEX_POINT('',#2611);
#784=VERTEX_POINT('',#2613);
#785=VERTEX_POINT('',#2615);
#786=VERTEX_POINT('',#2619);
#787=VERTEX_POINT('',#2621);
#788=VERTEX_POINT('',#2625);
#789=VERTEX_POINT('',#2627);
#790=EDGE_CURVE('',#658,#659,#422,.T.);
#791=EDGE_CURVE('',#660,#658,#340,.T.);
#792=EDGE_CURVE('',#661,#660,#423,.T.);
#793=EDGE_CURVE('',#661,#659,#341,.T.);
#794=EDGE_CURVE('',#662,#663,#424,.T.);
#795=EDGE_CURVE('',#662,#661,#342,.T.);
#796=EDGE_CURVE('',#661,#660,#425,.T.);
#797=EDGE_CURVE('',#663,#660,#343,.T.);
#798=EDGE_CURVE('',#659,#662,#426,.T.);
#799=EDGE_CURVE('',#664,#665,#427,.T.);
#800=EDGE_CURVE('',#664,#666,#344,.T.);
#801=EDGE_CURVE('',#667,#666,#428,.T.);
#802=EDGE_CURVE('',#665,#667,#345,.T.);
#803=EDGE_CURVE('',#668,#664,#429,.T.);
#804=EDGE_CURVE('',#669,#668,#346,.T.);
#805=EDGE_CURVE('',#666,#669,#430,.T.);
#806=EDGE_CURVE('',#670,#668,#431,.T.);
#807=EDGE_CURVE('',#671,#670,#347,.T.);
#808=EDGE_CURVE('',#669,#671,#432,.T.);
#809=EDGE_CURVE('',#672,#673,#433,.T.);
#810=EDGE_CURVE('',#672,#674,#348,.T.);
#811=EDGE_CURVE('',#675,#674,#434,.T.);
#812=EDGE_CURVE('',#673,#675,#349,.T.);
#813=EDGE_CURVE('',#676,#672,#435,.T.);
#814=EDGE_CURVE('',#677,#676,#350,.T.);
#815=EDGE_CURVE('',#674,#677,#436,.T.);
#816=EDGE_CURVE('',#678,#676,#437,.T.);
#817=EDGE_CURVE('',#679,#678,#351,.T.);
#818=EDGE_CURVE('',#677,#679,#438,.T.);
#819=EDGE_CURVE('',#667,#679,#439,.T.);
#820=EDGE_CURVE('',#678,#665,#440,.T.);
#821=EDGE_CURVE('',#658,#680,#441,.T.);
#822=EDGE_CURVE('',#680,#681,#442,.T.);
#823=EDGE_CURVE('',#681,#671,#443,.T.);
#824=EDGE_CURVE('',#670,#682,#444,.T.);
#825=EDGE_CURVE('',#682,#683,#352,.T.);
#826=EDGE_CURVE('',#683,#684,#445,.T.);
#827=EDGE_CURVE('',#684,#685,#353,.T.);
#828=EDGE_CURVE('',#685,#660,#446,.T.);
#829=EDGE_CURVE('',#686,#686,#354,.T.);
#830=EDGE_CURVE('',#687,#687,#355,.T.);
#831=EDGE_CURVE('',#688,#689,#447,.T.);
#832=EDGE_CURVE('',#689,#690,#448,.T.);
#833=EDGE_CURVE('',#690,#688,#356,.T.);
#834=EDGE_CURVE('',#691,#692,#449,.T.);
#835=EDGE_CURVE('',#692,#693,#450,.T.);
#836=EDGE_CURVE('',#693,#691,#357,.T.);
#837=EDGE_CURVE('',#660,#694,#451,.T.);
#838=EDGE_CURVE('',#694,#695,#358,.T.);
#839=EDGE_CURVE('',#695,#696,#452,.T.);
#840=EDGE_CURVE('',#696,#697,#359,.T.);
#841=EDGE_CURVE('',#697,#673,#453,.T.);
#842=EDGE_CURVE('',#675,#698,#454,.T.);
#843=EDGE_CURVE('',#698,#699,#455,.T.);
#844=EDGE_CURVE('',#699,#663,#456,.T.);
#845=EDGE_CURVE('',#700,#701,#360,.T.);
#846=EDGE_CURVE('',#701,#702,#457,.T.);
#847=EDGE_CURVE('',#702,#700,#458,.T.);
#848=EDGE_CURVE('',#703,#704,#459,.T.);
#849=EDGE_CURVE('',#704,#705,#460,.T.);
#850=EDGE_CURVE('',#705,#703,#361,.T.);
#851=EDGE_CURVE('',#706,#706,#362,.T.);
#852=EDGE_CURVE('',#707,#707,#363,.T.);
#853=EDGE_CURVE('',#697,#708,#461,.T.);
#854=EDGE_CURVE('',#709,#708,#462,.F.);
#855=EDGE_CURVE('',#709,#682,#463,.T.);
#856=EDGE_CURVE('',#710,#710,#364,.T.);
#857=EDGE_CURVE('',#710,#711,#464,.T.);
#858=EDGE_CURVE('',#711,#711,#365,.T.);
#859=EDGE_CURVE('',#712,#712,#366,.T.);
#860=EDGE_CURVE('',#712,#713,#465,.T.);
#861=EDGE_CURVE('',#713,#713,#367,.T.);
#862=EDGE_CURVE('',#714,#714,#368,.T.);
#863=EDGE_CURVE('',#714,#715,#466,.T.);
#864=EDGE_CURVE('',#715,#715,#369,.T.);
#865=EDGE_CURVE('',#716,#716,#370,.T.);
#866=EDGE_CURVE('',#716,#717,#467,.T.);
#867=EDGE_CURVE('',#717,#717,#371,.T.);
#868=EDGE_CURVE('',#718,#718,#372,.T.);
#869=EDGE_CURVE('',#718,#719,#468,.T.);
#870=EDGE_CURVE('',#719,#719,#373,.T.);
#871=EDGE_CURVE('',#720,#720,#374,.T.);
#872=EDGE_CURVE('',#720,#721,#469,.T.);
#873=EDGE_CURVE('',#721,#721,#375,.T.);
#874=EDGE_CURVE('',#722,#722,#376,.T.);
#875=EDGE_CURVE('',#722,#723,#470,.T.);
#876=EDGE_CURVE('',#723,#723,#377,.T.);
#877=EDGE_CURVE('',#724,#724,#378,.T.);
#878=EDGE_CURVE('',#724,#725,#471,.T.);
#879=EDGE_CURVE('',#725,#725,#379,.T.);
#880=EDGE_CURVE('',#726,#726,#380,.T.);
#881=EDGE_CURVE('',#726,#727,#472,.T.);
#882=EDGE_CURVE('',#727,#727,#381,.T.);
#883=EDGE_CURVE('',#728,#728,#382,.T.);
#884=EDGE_CURVE('',#728,#729,#473,.T.);
#885=EDGE_CURVE('',#729,#729,#383,.T.);
#886=EDGE_CURVE('',#730,#730,#384,.T.);
#887=EDGE_CURVE('',#730,#731,#474,.T.);
#888=EDGE_CURVE('',#731,#731,#385,.T.);
#889=EDGE_CURVE('',#732,#732,#386,.T.);
#890=EDGE_CURVE('',#732,#733,#475,.T.);
#891=EDGE_CURVE('',#733,#733,#387,.T.);
#892=EDGE_CURVE('',#734,#734,#388,.T.);
#893=EDGE_CURVE('',#734,#735,#476,.T.);
#894=EDGE_CURVE('',#735,#735,#389,.T.);
#895=EDGE_CURVE('',#736,#736,#390,.T.);
#896=EDGE_CURVE('',#736,#737,#477,.T.);
#897=EDGE_CURVE('',#737,#737,#391,.T.);
#898=EDGE_CURVE('',#738,#738,#392,.T.);
#899=EDGE_CURVE('',#738,#739,#478,.T.);
#900=EDGE_CURVE('',#739,#739,#393,.T.);
#901=EDGE_CURVE('',#740,#740,#394,.T.);
#902=EDGE_CURVE('',#740,#741,#479,.T.);
#903=EDGE_CURVE('',#741,#741,#395,.T.);
#904=EDGE_CURVE('',#742,#742,#396,.T.);
#905=EDGE_CURVE('',#742,#743,#480,.T.);
#906=EDGE_CURVE('',#743,#743,#397,.T.);
#907=EDGE_CURVE('',#744,#744,#398,.T.);
#908=EDGE_CURVE('',#744,#745,#481,.T.);
#909=EDGE_CURVE('',#745,#745,#399,.T.);
#910=EDGE_CURVE('',#746,#746,#400,.T.);
#911=EDGE_CURVE('',#746,#747,#482,.T.);
#912=EDGE_CURVE('',#747,#747,#401,.T.);
#913=EDGE_CURVE('',#748,#748,#402,.T.);
#914=EDGE_CURVE('',#748,#707,#483,.T.);
#915=EDGE_CURVE('',#749,#749,#403,.T.);
#916=EDGE_CURVE('',#749,#686,#484,.T.);
#917=EDGE_CURVE('',#750,#750,#404,.T.);
#918=EDGE_CURVE('',#750,#687,#485,.T.);
#919=EDGE_CURVE('',#751,#751,#405,.T.);
#920=EDGE_CURVE('',#751,#706,#486,.T.);
#921=EDGE_CURVE('',#752,#696,#487,.T.);
#922=EDGE_CURVE('',#708,#752,#406,.T.);
#923=EDGE_CURVE('',#703,#753,#488,.T.);
#924=EDGE_CURVE('',#754,#705,#489,.T.);
#925=EDGE_CURVE('',#753,#754,#407,.T.);
#926=EDGE_CURVE('',#695,#755,#490,.T.);
#927=EDGE_CURVE('',#752,#755,#491,.F.);
#928=EDGE_CURVE('',#756,#704,#492,.F.);
#929=EDGE_CURVE('',#754,#756,#493,.F.);
#930=EDGE_CURVE('',#755,#757,#408,.T.);
#931=EDGE_CURVE('',#757,#758,#494,.F.);
#932=EDGE_CURVE('',#758,#759,#409,.T.);
#933=EDGE_CURVE('',#759,#760,#495,.F.);
#934=EDGE_CURVE('',#760,#709,#410,.T.);
#935=EDGE_CURVE('',#756,#753,#496,.F.);
#936=EDGE_CURVE('',#759,#684,#497,.T.);
#937=EDGE_CURVE('',#685,#758,#498,.T.);
#938=EDGE_CURVE('',#688,#761,#499,.T.);
#939=EDGE_CURVE('',#762,#690,#500,.T.);
#940=EDGE_CURVE('',#761,#762,#411,.T.);
#941=EDGE_CURVE('',#683,#760,#501,.T.);
#942=EDGE_CURVE('',#763,#761,#502,.F.);
#943=EDGE_CURVE('',#763,#689,#503,.F.);
#944=EDGE_CURVE('',#762,#763,#504,.F.);
#945=EDGE_CURVE('',#757,#694,#505,.T.);
#946=EDGE_CURVE('',#691,#764,#506,.T.);
#947=EDGE_CURVE('',#765,#693,#507,.T.);
#948=EDGE_CURVE('',#764,#765,#412,.T.);
#949=EDGE_CURVE('',#766,#692,#508,.F.);
#950=EDGE_CURVE('',#765,#766,#509,.F.);
#951=EDGE_CURVE('',#766,#764,#510,.F.);
#952=EDGE_CURVE('',#767,#700,#511,.T.);
#953=EDGE_CURVE('',#768,#767,#413,.T.);
#954=EDGE_CURVE('',#701,#768,#512,.T.);
#955=EDGE_CURVE('',#769,#702,#513,.T.);
#956=EDGE_CURVE('',#767,#769,#514,.F.);
#957=EDGE_CURVE('',#769,#768,#515,.F.);
#958=EDGE_CURVE('',#770,#771,#516,.T.);
#959=EDGE_CURVE('',#771,#699,#517,.T.);
#960=EDGE_CURVE('',#770,#698,#518,.T.);
#961=EDGE_CURVE('',#772,#681,#519,.T.);
#962=EDGE_CURVE('',#772,#770,#520,.T.);
#963=EDGE_CURVE('',#773,#772,#521,.T.);
#964=EDGE_CURVE('',#773,#680,#522,.T.);
#965=EDGE_CURVE('',#771,#773,#523,.T.);
#966=EDGE_CURVE('',#774,#774,#414,.T.);
#967=EDGE_CURVE('',#774,#775,#524,.T.);
#968=EDGE_CURVE('',#775,#775,#415,.T.);
#969=EDGE_CURVE('',#776,#776,#416,.T.);
#970=EDGE_CURVE('',#776,#777,#525,.T.);
#971=EDGE_CURVE('',#777,#777,#417,.T.);
#972=EDGE_CURVE('',#778,#778,#418,.T.);
#973=EDGE_CURVE('',#778,#779,#526,.T.);
#974=EDGE_CURVE('',#779,#779,#419,.T.);
#975=EDGE_CURVE('',#780,#780,#420,.T.);
#976=EDGE_CURVE('',#780,#781,#527,.T.);
#977=EDGE_CURVE('',#781,#781,#421,.T.);
#978=EDGE_CURVE('',#782,#783,#528,.T.);
#979=EDGE_CURVE('',#783,#784,#529,.T.);
#980=EDGE_CURVE('',#785,#784,#530,.T.);
#981=EDGE_CURVE('',#782,#785,#531,.T.);
#982=EDGE_CURVE('',#786,#782,#532,.T.);
#983=EDGE_CURVE('',#787,#785,#533,.T.);
#984=EDGE_CURVE('',#786,#787,#534,.T.);
#985=EDGE_CURVE('',#788,#786,#535,.T.);
#986=EDGE_CURVE('',#789,#787,#536,.T.);
#987=EDGE_CURVE('',#788,#789,#537,.T.);
#988=EDGE_CURVE('',#783,#788,#538,.T.);
#989=EDGE_CURVE('',#784,#789,#539,.T.);
#990=ORIENTED_EDGE('',*,*,#790,.F.);
#991=ORIENTED_EDGE('',*,*,#791,.F.);
#992=ORIENTED_EDGE('',*,*,#792,.F.);
#993=ORIENTED_EDGE('',*,*,#793,.T.);
#994=ORIENTED_EDGE('',*,*,#794,.F.);
#995=ORIENTED_EDGE('',*,*,#795,.T.);
#996=ORIENTED_EDGE('',*,*,#796,.T.);
#997=ORIENTED_EDGE('',*,*,#797,.F.);
#998=ORIENTED_EDGE('',*,*,#798,.F.);
#999=ORIENTED_EDGE('',*,*,#793,.F.);
#1000=ORIENTED_EDGE('',*,*,#795,.F.);
#1001=ORIENTED_EDGE('',*,*,#799,.F.);
#1002=ORIENTED_EDGE('',*,*,#800,.T.);
#1003=ORIENTED_EDGE('',*,*,#801,.F.);
#1004=ORIENTED_EDGE('',*,*,#802,.F.);
#1005=ORIENTED_EDGE('',*,*,#803,.F.);
#1006=ORIENTED_EDGE('',*,*,#804,.F.);
#1007=ORIENTED_EDGE('',*,*,#805,.F.);
#1008=ORIENTED_EDGE('',*,*,#800,.F.);
#1009=ORIENTED_EDGE('',*,*,#806,.F.);
#1010=ORIENTED_EDGE('',*,*,#807,.F.);
#1011=ORIENTED_EDGE('',*,*,#808,.F.);
#1012=ORIENTED_EDGE('',*,*,#804,.T.);
#1013=ORIENTED_EDGE('',*,*,#809,.F.);
#1014=ORIENTED_EDGE('',*,*,#810,.T.);
#1015=ORIENTED_EDGE('',*,*,#811,.F.);
#1016=ORIENTED_EDGE('',*,*,#812,.F.);
#1017=ORIENTED_EDGE('',*,*,#813,.F.);
#1018=ORIENTED_EDGE('',*,*,#814,.F.);
#1019=ORIENTED_EDGE('',*,*,#815,.F.);
#1020=ORIENTED_EDGE('',*,*,#810,.F.);
#1021=ORIENTED_EDGE('',*,*,#816,.F.);
#1022=ORIENTED_EDGE('',*,*,#817,.F.);
#1023=ORIENTED_EDGE('',*,*,#818,.F.);
#1024=ORIENTED_EDGE('',*,*,#814,.T.);
#1025=ORIENTED_EDGE('',*,*,#802,.T.);
#1026=ORIENTED_EDGE('',*,*,#819,.T.);
#1027=ORIENTED_EDGE('',*,*,#817,.T.);
#1028=ORIENTED_EDGE('',*,*,#820,.T.);
#1029=ORIENTED_EDGE('',*,*,#791,.T.);
#1030=ORIENTED_EDGE('',*,*,#821,.T.);
#1031=ORIENTED_EDGE('',*,*,#822,.T.);
#1032=ORIENTED_EDGE('',*,*,#823,.T.);
#1033=ORIENTED_EDGE('',*,*,#807,.T.);
#1034=ORIENTED_EDGE('',*,*,#824,.T.);
#1035=ORIENTED_EDGE('',*,*,#825,.T.);
#1036=ORIENTED_EDGE('',*,*,#826,.T.);
#1037=ORIENTED_EDGE('',*,*,#827,.T.);
#1038=ORIENTED_EDGE('',*,*,#828,.T.);
#1039=ORIENTED_EDGE('',*,*,#829,.T.);
#1040=ORIENTED_EDGE('',*,*,#830,.T.);
#1041=ORIENTED_EDGE('',*,*,#831,.T.);
#1042=ORIENTED_EDGE('',*,*,#832,.T.);
#1043=ORIENTED_EDGE('',*,*,#833,.T.);
#1044=ORIENTED_EDGE('',*,*,#834,.T.);
#1045=ORIENTED_EDGE('',*,*,#835,.T.);
#1046=ORIENTED_EDGE('',*,*,#836,.T.);
#1047=ORIENTED_EDGE('',*,*,#797,.T.);
#1048=ORIENTED_EDGE('',*,*,#837,.T.);
#1049=ORIENTED_EDGE('',*,*,#838,.T.);
#1050=ORIENTED_EDGE('',*,*,#839,.T.);
#1051=ORIENTED_EDGE('',*,*,#840,.T.);
#1052=ORIENTED_EDGE('',*,*,#841,.T.);
#1053=ORIENTED_EDGE('',*,*,#812,.T.);
#1054=ORIENTED_EDGE('',*,*,#842,.T.);
#1055=ORIENTED_EDGE('',*,*,#843,.T.);
#1056=ORIENTED_EDGE('',*,*,#844,.T.);
#1057=ORIENTED_EDGE('',*,*,#845,.T.);
#1058=ORIENTED_EDGE('',*,*,#846,.T.);
#1059=ORIENTED_EDGE('',*,*,#847,.T.);
#1060=ORIENTED_EDGE('',*,*,#848,.T.);
#1061=ORIENTED_EDGE('',*,*,#849,.T.);
#1062=ORIENTED_EDGE('',*,*,#850,.T.);
#1063=ORIENTED_EDGE('',*,*,#851,.T.);
#1064=ORIENTED_EDGE('',*,*,#852,.T.);
#1065=ORIENTED_EDGE('',*,*,#806,.T.);
#1066=ORIENTED_EDGE('',*,*,#803,.T.);
#1067=ORIENTED_EDGE('',*,*,#799,.T.);
#1068=ORIENTED_EDGE('',*,*,#820,.F.);
#1069=ORIENTED_EDGE('',*,*,#816,.T.);
#1070=ORIENTED_EDGE('',*,*,#813,.T.);
#1071=ORIENTED_EDGE('',*,*,#809,.T.);
#1072=ORIENTED_EDGE('',*,*,#841,.F.);
#1073=ORIENTED_EDGE('',*,*,#853,.T.);
#1074=ORIENTED_EDGE('',*,*,#854,.F.);
#1075=ORIENTED_EDGE('',*,*,#855,.T.);
#1076=ORIENTED_EDGE('',*,*,#824,.F.);
#1077=ORIENTED_EDGE('',*,*,#856,.F.);
#1078=ORIENTED_EDGE('',*,*,#857,.T.);
#1079=ORIENTED_EDGE('',*,*,#858,.F.);
#1080=ORIENTED_EDGE('',*,*,#857,.F.);
#1081=ORIENTED_EDGE('',*,*,#856,.T.);
#1082=ORIENTED_EDGE('',*,*,#859,.F.);
#1083=ORIENTED_EDGE('',*,*,#860,.T.);
#1084=ORIENTED_EDGE('',*,*,#861,.F.);
#1085=ORIENTED_EDGE('',*,*,#860,.F.);
#1086=ORIENTED_EDGE('',*,*,#859,.T.);
#1087=ORIENTED_EDGE('',*,*,#862,.F.);
#1088=ORIENTED_EDGE('',*,*,#863,.T.);
#1089=ORIENTED_EDGE('',*,*,#864,.F.);
#1090=ORIENTED_EDGE('',*,*,#863,.F.);
#1091=ORIENTED_EDGE('',*,*,#862,.T.);
#1092=ORIENTED_EDGE('',*,*,#865,.F.);
#1093=ORIENTED_EDGE('',*,*,#865,.T.);
#1094=ORIENTED_EDGE('',*,*,#866,.T.);
#1095=ORIENTED_EDGE('',*,*,#867,.F.);
#1096=ORIENTED_EDGE('',*,*,#866,.F.);
#1097=ORIENTED_EDGE('',*,*,#868,.F.);
#1098=ORIENTED_EDGE('',*,*,#868,.T.);
#1099=ORIENTED_EDGE('',*,*,#869,.T.);
#1100=ORIENTED_EDGE('',*,*,#870,.F.);
#1101=ORIENTED_EDGE('',*,*,#869,.F.);
#1102=ORIENTED_EDGE('',*,*,#871,.F.);
#1103=ORIENTED_EDGE('',*,*,#871,.T.);
#1104=ORIENTED_EDGE('',*,*,#872,.T.);
#1105=ORIENTED_EDGE('',*,*,#873,.F.);
#1106=ORIENTED_EDGE('',*,*,#872,.F.);
#1107=ORIENTED_EDGE('',*,*,#874,.F.);
#1108=ORIENTED_EDGE('',*,*,#874,.T.);
#1109=ORIENTED_EDGE('',*,*,#875,.T.);
#1110=ORIENTED_EDGE('',*,*,#876,.F.);
#1111=ORIENTED_EDGE('',*,*,#875,.F.);
#1112=ORIENTED_EDGE('',*,*,#877,.F.);
#1113=ORIENTED_EDGE('',*,*,#877,.T.);
#1114=ORIENTED_EDGE('',*,*,#878,.T.);
#1115=ORIENTED_EDGE('',*,*,#879,.F.);
#1116=ORIENTED_EDGE('',*,*,#878,.F.);
#1117=ORIENTED_EDGE('',*,*,#880,.F.);
#1118=ORIENTED_EDGE('',*,*,#880,.T.);
#1119=ORIENTED_EDGE('',*,*,#881,.T.);
#1120=ORIENTED_EDGE('',*,*,#882,.F.);
#1121=ORIENTED_EDGE('',*,*,#881,.F.);
#1122=ORIENTED_EDGE('',*,*,#883,.F.);
#1123=ORIENTED_EDGE('',*,*,#883,.T.);
#1124=ORIENTED_EDGE('',*,*,#884,.T.);
#1125=ORIENTED_EDGE('',*,*,#885,.F.);
#1126=ORIENTED_EDGE('',*,*,#884,.F.);
#1127=ORIENTED_EDGE('',*,*,#886,.F.);
#1128=ORIENTED_EDGE('',*,*,#886,.T.);
#1129=ORIENTED_EDGE('',*,*,#887,.T.);
#1130=ORIENTED_EDGE('',*,*,#888,.F.);
#1131=ORIENTED_EDGE('',*,*,#887,.F.);
#1132=ORIENTED_EDGE('',*,*,#889,.F.);
#1133=ORIENTED_EDGE('',*,*,#890,.T.);
#1134=ORIENTED_EDGE('',*,*,#891,.F.);
#1135=ORIENTED_EDGE('',*,*,#890,.F.);
#1136=ORIENTED_EDGE('',*,*,#889,.T.);
#1137=ORIENTED_EDGE('',*,*,#888,.T.);
#1138=ORIENTED_EDGE('',*,*,#892,.F.);
#1139=ORIENTED_EDGE('',*,*,#893,.T.);
#1140=ORIENTED_EDGE('',*,*,#894,.F.);
#1141=ORIENTED_EDGE('',*,*,#893,.F.);
#1142=ORIENTED_EDGE('',*,*,#892,.T.);
#1143=ORIENTED_EDGE('',*,*,#885,.T.);
#1144=ORIENTED_EDGE('',*,*,#895,.F.);
#1145=ORIENTED_EDGE('',*,*,#896,.T.);
#1146=ORIENTED_EDGE('',*,*,#897,.F.);
#1147=ORIENTED_EDGE('',*,*,#896,.F.);
#1148=ORIENTED_EDGE('',*,*,#895,.T.);
#1149=ORIENTED_EDGE('',*,*,#882,.T.);
#1150=ORIENTED_EDGE('',*,*,#898,.F.);
#1151=ORIENTED_EDGE('',*,*,#899,.T.);
#1152=ORIENTED_EDGE('',*,*,#900,.F.);
#1153=ORIENTED_EDGE('',*,*,#899,.F.);
#1154=ORIENTED_EDGE('',*,*,#898,.T.);
#1155=ORIENTED_EDGE('',*,*,#879,.T.);
#1156=ORIENTED_EDGE('',*,*,#901,.F.);
#1157=ORIENTED_EDGE('',*,*,#902,.T.);
#1158=ORIENTED_EDGE('',*,*,#903,.F.);
#1159=ORIENTED_EDGE('',*,*,#902,.F.);
#1160=ORIENTED_EDGE('',*,*,#901,.T.);
#1161=ORIENTED_EDGE('',*,*,#876,.T.);
#1162=ORIENTED_EDGE('',*,*,#904,.F.);
#1163=ORIENTED_EDGE('',*,*,#905,.T.);
#1164=ORIENTED_EDGE('',*,*,#906,.F.);
#1165=ORIENTED_EDGE('',*,*,#905,.F.);
#1166=ORIENTED_EDGE('',*,*,#904,.T.);
#1167=ORIENTED_EDGE('',*,*,#873,.T.);
#1168=ORIENTED_EDGE('',*,*,#907,.F.);
#1169=ORIENTED_EDGE('',*,*,#908,.T.);
#1170=ORIENTED_EDGE('',*,*,#909,.F.);
#1171=ORIENTED_EDGE('',*,*,#908,.F.);
#1172=ORIENTED_EDGE('',*,*,#907,.T.);
#1173=ORIENTED_EDGE('',*,*,#870,.T.);
#1174=ORIENTED_EDGE('',*,*,#910,.F.);
#1175=ORIENTED_EDGE('',*,*,#911,.T.);
#1176=ORIENTED_EDGE('',*,*,#912,.F.);
#1177=ORIENTED_EDGE('',*,*,#911,.F.);
#1178=ORIENTED_EDGE('',*,*,#910,.T.);
#1179=ORIENTED_EDGE('',*,*,#867,.T.);
#1180=ORIENTED_EDGE('',*,*,#913,.F.);
#1181=ORIENTED_EDGE('',*,*,#913,.T.);
#1182=ORIENTED_EDGE('',*,*,#914,.T.);
#1183=ORIENTED_EDGE('',*,*,#852,.F.);
#1184=ORIENTED_EDGE('',*,*,#914,.F.);
#1185=ORIENTED_EDGE('',*,*,#915,.F.);
#1186=ORIENTED_EDGE('',*,*,#915,.T.);
#1187=ORIENTED_EDGE('',*,*,#916,.T.);
#1188=ORIENTED_EDGE('',*,*,#829,.F.);
#1189=ORIENTED_EDGE('',*,*,#916,.F.);
#1190=ORIENTED_EDGE('',*,*,#917,.F.);
#1191=ORIENTED_EDGE('',*,*,#917,.T.);
#1192=ORIENTED_EDGE('',*,*,#918,.T.);
#1193=ORIENTED_EDGE('',*,*,#830,.F.);
#1194=ORIENTED_EDGE('',*,*,#918,.F.);
#1195=ORIENTED_EDGE('',*,*,#919,.F.);
#1196=ORIENTED_EDGE('',*,*,#919,.T.);
#1197=ORIENTED_EDGE('',*,*,#920,.T.);
#1198=ORIENTED_EDGE('',*,*,#851,.F.);
#1199=ORIENTED_EDGE('',*,*,#920,.F.);
#1200=ORIENTED_EDGE('',*,*,#921,.F.);
#1201=ORIENTED_EDGE('',*,*,#922,.F.);
#1202=ORIENTED_EDGE('',*,*,#853,.F.);
#1203=ORIENTED_EDGE('',*,*,#840,.F.);
#1204=ORIENTED_EDGE('',*,*,#923,.F.);
#1205=ORIENTED_EDGE('',*,*,#850,.F.);
#1206=ORIENTED_EDGE('',*,*,#924,.F.);
#1207=ORIENTED_EDGE('',*,*,#925,.F.);
#1208=ORIENTED_EDGE('',*,*,#921,.T.);
#1209=ORIENTED_EDGE('',*,*,#839,.F.);
#1210=ORIENTED_EDGE('',*,*,#926,.T.);
#1211=ORIENTED_EDGE('',*,*,#927,.F.);
#1212=ORIENTED_EDGE('',*,*,#924,.T.);
#1213=ORIENTED_EDGE('',*,*,#849,.F.);
#1214=ORIENTED_EDGE('',*,*,#928,.F.);
#1215=ORIENTED_EDGE('',*,*,#929,.F.);
#1216=ORIENTED_EDGE('',*,*,#922,.T.);
#1217=ORIENTED_EDGE('',*,*,#927,.T.);
#1218=ORIENTED_EDGE('',*,*,#930,.T.);
#1219=ORIENTED_EDGE('',*,*,#931,.T.);
#1220=ORIENTED_EDGE('',*,*,#932,.T.);
#1221=ORIENTED_EDGE('',*,*,#933,.T.);
#1222=ORIENTED_EDGE('',*,*,#934,.T.);
#1223=ORIENTED_EDGE('',*,*,#854,.T.);
#1224=ORIENTED_EDGE('',*,*,#858,.T.);
#1225=ORIENTED_EDGE('',*,*,#861,.T.);
#1226=ORIENTED_EDGE('',*,*,#864,.T.);
#1227=ORIENTED_EDGE('',*,*,#891,.T.);
#1228=ORIENTED_EDGE('',*,*,#894,.T.);
#1229=ORIENTED_EDGE('',*,*,#897,.T.);
#1230=ORIENTED_EDGE('',*,*,#900,.T.);
#1231=ORIENTED_EDGE('',*,*,#903,.T.);
#1232=ORIENTED_EDGE('',*,*,#906,.T.);
#1233=ORIENTED_EDGE('',*,*,#909,.T.);
#1234=ORIENTED_EDGE('',*,*,#912,.T.);
#1235=ORIENTED_EDGE('',*,*,#925,.T.);
#1236=ORIENTED_EDGE('',*,*,#929,.T.);
#1237=ORIENTED_EDGE('',*,*,#935,.T.);
#1238=ORIENTED_EDGE('',*,*,#936,.F.);
#1239=ORIENTED_EDGE('',*,*,#932,.F.);
#1240=ORIENTED_EDGE('',*,*,#937,.F.);
#1241=ORIENTED_EDGE('',*,*,#827,.F.);
#1242=ORIENTED_EDGE('',*,*,#938,.F.);
#1243=ORIENTED_EDGE('',*,*,#833,.F.);
#1244=ORIENTED_EDGE('',*,*,#939,.F.);
#1245=ORIENTED_EDGE('',*,*,#940,.F.);
#1246=ORIENTED_EDGE('',*,*,#936,.T.);
#1247=ORIENTED_EDGE('',*,*,#826,.F.);
#1248=ORIENTED_EDGE('',*,*,#941,.T.);
#1249=ORIENTED_EDGE('',*,*,#933,.F.);
#1250=ORIENTED_EDGE('',*,*,#938,.T.);
#1251=ORIENTED_EDGE('',*,*,#942,.F.);
#1252=ORIENTED_EDGE('',*,*,#943,.T.);
#1253=ORIENTED_EDGE('',*,*,#831,.F.);
#1254=ORIENTED_EDGE('',*,*,#940,.T.);
#1255=ORIENTED_EDGE('',*,*,#944,.T.);
#1256=ORIENTED_EDGE('',*,*,#942,.T.);
#1257=ORIENTED_EDGE('',*,*,#937,.T.);
#1258=ORIENTED_EDGE('',*,*,#931,.F.);
#1259=ORIENTED_EDGE('',*,*,#945,.T.);
#1260=ORIENTED_EDGE('',*,*,#837,.F.);
#1261=ORIENTED_EDGE('',*,*,#796,.F.);
#1262=ORIENTED_EDGE('',*,*,#792,.T.);
#1263=ORIENTED_EDGE('',*,*,#828,.F.);
#1264=ORIENTED_EDGE('',*,*,#939,.T.);
#1265=ORIENTED_EDGE('',*,*,#832,.F.);
#1266=ORIENTED_EDGE('',*,*,#943,.F.);
#1267=ORIENTED_EDGE('',*,*,#944,.F.);
#1268=ORIENTED_EDGE('',*,*,#855,.F.);
#1269=ORIENTED_EDGE('',*,*,#934,.F.);
#1270=ORIENTED_EDGE('',*,*,#941,.F.);
#1271=ORIENTED_EDGE('',*,*,#825,.F.);
#1272=ORIENTED_EDGE('',*,*,#946,.F.);
#1273=ORIENTED_EDGE('',*,*,#836,.F.);
#1274=ORIENTED_EDGE('',*,*,#947,.F.);
#1275=ORIENTED_EDGE('',*,*,#948,.F.);
#1276=ORIENTED_EDGE('',*,*,#947,.T.);
#1277=ORIENTED_EDGE('',*,*,#835,.F.);
#1278=ORIENTED_EDGE('',*,*,#949,.F.);
#1279=ORIENTED_EDGE('',*,*,#950,.F.);
#1280=ORIENTED_EDGE('',*,*,#948,.T.);
#1281=ORIENTED_EDGE('',*,*,#950,.T.);
#1282=ORIENTED_EDGE('',*,*,#951,.T.);
#1283=ORIENTED_EDGE('',*,*,#926,.F.);
#1284=ORIENTED_EDGE('',*,*,#838,.F.);
#1285=ORIENTED_EDGE('',*,*,#945,.F.);
#1286=ORIENTED_EDGE('',*,*,#930,.F.);
#1287=ORIENTED_EDGE('',*,*,#952,.F.);
#1288=ORIENTED_EDGE('',*,*,#953,.F.);
#1289=ORIENTED_EDGE('',*,*,#954,.F.);
#1290=ORIENTED_EDGE('',*,*,#845,.F.);
#1291=ORIENTED_EDGE('',*,*,#923,.T.);
#1292=ORIENTED_EDGE('',*,*,#935,.F.);
#1293=ORIENTED_EDGE('',*,*,#928,.T.);
#1294=ORIENTED_EDGE('',*,*,#848,.F.);
#1295=ORIENTED_EDGE('',*,*,#952,.T.);
#1296=ORIENTED_EDGE('',*,*,#847,.F.);
#1297=ORIENTED_EDGE('',*,*,#955,.F.);
#1298=ORIENTED_EDGE('',*,*,#956,.F.);
#1299=ORIENTED_EDGE('',*,*,#946,.T.);
#1300=ORIENTED_EDGE('',*,*,#951,.F.);
#1301=ORIENTED_EDGE('',*,*,#949,.T.);
#1302=ORIENTED_EDGE('',*,*,#834,.F.);
#1303=ORIENTED_EDGE('',*,*,#954,.T.);
#1304=ORIENTED_EDGE('',*,*,#957,.F.);
#1305=ORIENTED_EDGE('',*,*,#955,.T.);
#1306=ORIENTED_EDGE('',*,*,#846,.F.);
#1307=ORIENTED_EDGE('',*,*,#953,.T.);
#1308=ORIENTED_EDGE('',*,*,#956,.T.);
#1309=ORIENTED_EDGE('',*,*,#957,.T.);
#1310=ORIENTED_EDGE('',*,*,#958,.T.);
#1311=ORIENTED_EDGE('',*,*,#959,.T.);
#1312=ORIENTED_EDGE('',*,*,#843,.F.);
#1313=ORIENTED_EDGE('',*,*,#960,.F.);
#1314=ORIENTED_EDGE('',*,*,#808,.T.);
#1315=ORIENTED_EDGE('',*,*,#823,.F.);
#1316=ORIENTED_EDGE('',*,*,#961,.F.);
#1317=ORIENTED_EDGE('',*,*,#962,.T.);
#1318=ORIENTED_EDGE('',*,*,#960,.T.);
#1319=ORIENTED_EDGE('',*,*,#842,.F.);
#1320=ORIENTED_EDGE('',*,*,#811,.T.);
#1321=ORIENTED_EDGE('',*,*,#815,.T.);
#1322=ORIENTED_EDGE('',*,*,#818,.T.);
#1323=ORIENTED_EDGE('',*,*,#819,.F.);
#1324=ORIENTED_EDGE('',*,*,#801,.T.);
#1325=ORIENTED_EDGE('',*,*,#805,.T.);
#1326=ORIENTED_EDGE('',*,*,#963,.T.);
#1327=ORIENTED_EDGE('',*,*,#961,.T.);
#1328=ORIENTED_EDGE('',*,*,#822,.F.);
#1329=ORIENTED_EDGE('',*,*,#964,.F.);
#1330=ORIENTED_EDGE('',*,*,#794,.T.);
#1331=ORIENTED_EDGE('',*,*,#844,.F.);
#1332=ORIENTED_EDGE('',*,*,#959,.F.);
#1333=ORIENTED_EDGE('',*,*,#965,.T.);
#1334=ORIENTED_EDGE('',*,*,#964,.T.);
#1335=ORIENTED_EDGE('',*,*,#821,.F.);
#1336=ORIENTED_EDGE('',*,*,#790,.T.);
#1337=ORIENTED_EDGE('',*,*,#798,.T.);
#1338=ORIENTED_EDGE('',*,*,#965,.F.);
#1339=ORIENTED_EDGE('',*,*,#958,.F.);
#1340=ORIENTED_EDGE('',*,*,#962,.F.);
#1341=ORIENTED_EDGE('',*,*,#963,.F.);
#1342=ORIENTED_EDGE('',*,*,#966,.F.);
#1343=ORIENTED_EDGE('',*,*,#967,.T.);
#1344=ORIENTED_EDGE('',*,*,#968,.F.);
#1345=ORIENTED_EDGE('',*,*,#967,.F.);
#1346=ORIENTED_EDGE('',*,*,#969,.F.);
#1347=ORIENTED_EDGE('',*,*,#970,.T.);
#1348=ORIENTED_EDGE('',*,*,#971,.F.);
#1349=ORIENTED_EDGE('',*,*,#970,.F.);
#1350=ORIENTED_EDGE('',*,*,#972,.F.);
#1351=ORIENTED_EDGE('',*,*,#973,.T.);
#1352=ORIENTED_EDGE('',*,*,#974,.F.);
#1353=ORIENTED_EDGE('',*,*,#973,.F.);
#1354=ORIENTED_EDGE('',*,*,#975,.F.);
#1355=ORIENTED_EDGE('',*,*,#976,.T.);
#1356=ORIENTED_EDGE('',*,*,#977,.F.);
#1357=ORIENTED_EDGE('',*,*,#976,.F.);
#1358=ORIENTED_EDGE('',*,*,#978,.T.);
#1359=ORIENTED_EDGE('',*,*,#979,.T.);
#1360=ORIENTED_EDGE('',*,*,#980,.F.);
#1361=ORIENTED_EDGE('',*,*,#981,.F.);
#1362=ORIENTED_EDGE('',*,*,#982,.T.);
#1363=ORIENTED_EDGE('',*,*,#981,.T.);
#1364=ORIENTED_EDGE('',*,*,#983,.F.);
#1365=ORIENTED_EDGE('',*,*,#984,.F.);
#1366=ORIENTED_EDGE('',*,*,#985,.T.);
#1367=ORIENTED_EDGE('',*,*,#984,.T.);
#1368=ORIENTED_EDGE('',*,*,#986,.F.);
#1369=ORIENTED_EDGE('',*,*,#987,.F.);
#1370=ORIENTED_EDGE('',*,*,#988,.T.);
#1371=ORIENTED_EDGE('',*,*,#987,.T.);
#1372=ORIENTED_EDGE('',*,*,#989,.F.);
#1373=ORIENTED_EDGE('',*,*,#979,.F.);
#1374=ORIENTED_EDGE('',*,*,#989,.T.);
#1375=ORIENTED_EDGE('',*,*,#986,.T.);
#1376=ORIENTED_EDGE('',*,*,#983,.T.);
#1377=ORIENTED_EDGE('',*,*,#980,.T.);
#1378=ORIENTED_EDGE('',*,*,#968,.T.);
#1379=ORIENTED_EDGE('',*,*,#971,.T.);
#1380=ORIENTED_EDGE('',*,*,#974,.T.);
#1381=ORIENTED_EDGE('',*,*,#977,.T.);
#1382=ORIENTED_EDGE('',*,*,#988,.F.);
#1383=ORIENTED_EDGE('',*,*,#978,.F.);
#1384=ORIENTED_EDGE('',*,*,#982,.F.);
#1385=ORIENTED_EDGE('',*,*,#985,.F.);
#1386=ORIENTED_EDGE('',*,*,#966,.T.);
#1387=ORIENTED_EDGE('',*,*,#969,.T.);
#1388=ORIENTED_EDGE('',*,*,#972,.T.);
#1389=ORIENTED_EDGE('',*,*,#975,.T.);
#1390=CYLINDRICAL_SURFACE('',#1544,2.5);
#1391=CYLINDRICAL_SURFACE('',#1547,2.5);
#1392=CYLINDRICAL_SURFACE('',#1551,4.49999999999999);
#1393=CYLINDRICAL_SURFACE('',#1556,4.49999999999999);
#1394=CYLINDRICAL_SURFACE('',#1558,4.49999999999999);
#1395=CYLINDRICAL_SURFACE('',#1563,4.49999999999999);
#1396=CYLINDRICAL_SURFACE('',#1581,1.99999999999999);
#1397=CYLINDRICAL_SURFACE('',#1585,1.99999999999999);
#1398=CYLINDRICAL_SURFACE('',#1589,2.);
#1399=CYLINDRICAL_SURFACE('',#1595,0.999999999999996);
#1400=CYLINDRICAL_SURFACE('',#1599,1.);
#1401=CYLINDRICAL_SURFACE('',#1603,0.999999999999996);
#1402=CYLINDRICAL_SURFACE('',#1607,0.999999999999996);
#1403=CYLINDRICAL_SURFACE('',#1611,1.);
#1404=CYLINDRICAL_SURFACE('',#1615,1.);
#1405=CYLINDRICAL_SURFACE('',#1619,0.999999999999996);
#1406=CYLINDRICAL_SURFACE('',#1623,0.999999999999996);
#1407=CYLINDRICAL_SURFACE('',#1625,2.5);
#1408=CYLINDRICAL_SURFACE('',#1629,2.5);
#1409=CYLINDRICAL_SURFACE('',#1633,2.5);
#1410=CYLINDRICAL_SURFACE('',#1637,2.5);
#1411=CYLINDRICAL_SURFACE('',#1641,2.5);
#1412=CYLINDRICAL_SURFACE('',#1645,2.5);
#1413=CYLINDRICAL_SURFACE('',#1649,2.5);
#1414=CYLINDRICAL_SURFACE('',#1653,2.5);
#1415=CYLINDRICAL_SURFACE('',#1659,2.05);
#1416=CYLINDRICAL_SURFACE('',#1662,2.05);
#1417=CYLINDRICAL_SURFACE('',#1665,2.05);
#1418=CYLINDRICAL_SURFACE('',#1668,2.05);
#1419=CYLINDRICAL_SURFACE('',#1669,4.);
#1420=CYLINDRICAL_SURFACE('',#1671,4.);
#1421=CYLINDRICAL_SURFACE('',#1680,4.);
#1422=CYLINDRICAL_SURFACE('',#1681,4.);
#1423=CYLINDRICAL_SURFACE('',#1688,4.);
#1424=CYLINDRICAL_SURFACE('',#1689,4.);
#1425=CYLINDRICAL_SURFACE('',#1693,4.);
#1426=CYLINDRICAL_SURFACE('',#1694,4.);
#1427=CYLINDRICAL_SURFACE('',#1706,1.7);
#1428=CYLINDRICAL_SURFACE('',#1709,1.7);
#1429=CYLINDRICAL_SURFACE('',#1712,1.7);
#1430=CYLINDRICAL_SURFACE('',#1715,1.7);
#1431=ADVANCED_FACE('',(#109),#1390,.F.);
#1432=ADVANCED_FACE('',(#110),#1391,.F.);
#1433=ADVANCED_FACE('',(#111),#52,.T.);
#1434=ADVANCED_FACE('',(#112),#1392,.F.);
#1435=ADVANCED_FACE('',(#113),#53,.T.);
#1436=ADVANCED_FACE('',(#114),#1393,.F.);
#1437=ADVANCED_FACE('',(#115),#1394,.F.);
#1438=ADVANCED_FACE('',(#116),#54,.T.);
#1439=ADVANCED_FACE('',(#117),#1395,.F.);
#1440=ADVANCED_FACE('',(#118),#55,.T.);
#1441=ADVANCED_FACE('',(#119,#17,#18,#19,#20),#56,.T.);
#1442=ADVANCED_FACE('',(#120,#21,#22,#23,#24),#57,.T.);
#1443=ADVANCED_FACE('',(#121),#58,.F.);
#1444=ADVANCED_FACE('',(#122),#1396,.T.);
#1445=ADVANCED_FACE('',(#123),#59,.T.);
#1446=ADVANCED_FACE('',(#124),#1397,.T.);
#1447=ADVANCED_FACE('',(#125),#60,.T.);
#1448=ADVANCED_FACE('',(#126),#1398,.T.);
#1449=ADVANCED_FACE('',(#127),#61,.T.);
#1450=ADVANCED_FACE('',(#128),#62,.T.);
#1451=ADVANCED_FACE('',(#129),#1399,.F.);
#1452=ADVANCED_FACE('',(#130),#63,.T.);
#1453=ADVANCED_FACE('',(#131),#1400,.F.);
#1454=ADVANCED_FACE('',(#132),#64,.T.);
#1455=ADVANCED_FACE('',(#133),#1401,.F.);
#1456=ADVANCED_FACE('',(#134),#65,.T.);
#1457=ADVANCED_FACE('',(#135),#1402,.F.);
#1458=ADVANCED_FACE('',(#136),#66,.T.);
#1459=ADVANCED_FACE('',(#137),#1403,.F.);
#1460=ADVANCED_FACE('',(#138),#67,.T.);
#1461=ADVANCED_FACE('',(#139),#1404,.F.);
#1462=ADVANCED_FACE('',(#140),#68,.T.);
#1463=ADVANCED_FACE('',(#141),#1405,.F.);
#1464=ADVANCED_FACE('',(#142),#69,.T.);
#1465=ADVANCED_FACE('',(#143),#1406,.F.);
#1466=ADVANCED_FACE('',(#144),#1407,.T.);
#1467=ADVANCED_FACE('',(#145,#25),#70,.T.);
#1468=ADVANCED_FACE('',(#146),#1408,.T.);
#1469=ADVANCED_FACE('',(#147,#26),#71,.T.);
#1470=ADVANCED_FACE('',(#148),#1409,.T.);
#1471=ADVANCED_FACE('',(#149,#27),#72,.T.);
#1472=ADVANCED_FACE('',(#150),#1410,.T.);
#1473=ADVANCED_FACE('',(#151,#28),#73,.T.);
#1474=ADVANCED_FACE('',(#152),#1411,.T.);
#1475=ADVANCED_FACE('',(#153,#29),#74,.T.);
#1476=ADVANCED_FACE('',(#154),#1412,.T.);
#1477=ADVANCED_FACE('',(#155,#30),#75,.T.);
#1478=ADVANCED_FACE('',(#156),#1413,.T.);
#1479=ADVANCED_FACE('',(#157,#31),#76,.T.);
#1480=ADVANCED_FACE('',(#158),#1414,.T.);
#1481=ADVANCED_FACE('',(#159,#32),#77,.T.);
#1482=ADVANCED_FACE('',(#160),#78,.T.);
#1483=ADVANCED_FACE('',(#161),#1415,.F.);
#1484=ADVANCED_FACE('',(#162),#79,.T.);
#1485=ADVANCED_FACE('',(#163),#1416,.F.);
#1486=ADVANCED_FACE('',(#164),#80,.T.);
#1487=ADVANCED_FACE('',(#165),#1417,.F.);
#1488=ADVANCED_FACE('',(#166),#81,.T.);
#1489=ADVANCED_FACE('',(#167),#1418,.F.);
#1490=ADVANCED_FACE('',(#168),#1419,.T.);
#1491=ADVANCED_FACE('',(#169),#1420,.T.);
#1492=ADVANCED_FACE('',(#170),#82,.F.);
#1493=ADVANCED_FACE('',(#171),#83,.F.);
#1494=ADVANCED_FACE('',(#172,#33,#34,#35,#36,#37,#38,#39,#40,#41,#42,#43),
#84,.T.);
#1495=ADVANCED_FACE('',(#173),#85,.T.);
#1496=ADVANCED_FACE('',(#174),#1421,.T.);
#1497=ADVANCED_FACE('',(#175),#1422,.T.);
#1498=ADVANCED_FACE('',(#176),#86,.F.);
#1499=ADVANCED_FACE('',(#177),#87,.F.);
#1500=ADVANCED_FACE('',(#178),#88,.T.);
#1501=ADVANCED_FACE('',(#179),#89,.F.);
#1502=ADVANCED_FACE('',(#180),#90,.F.);
#1503=ADVANCED_FACE('',(#181),#1423,.T.);
#1504=ADVANCED_FACE('',(#182),#1424,.T.);
#1505=ADVANCED_FACE('',(#183),#91,.F.);
#1506=ADVANCED_FACE('',(#184),#92,.T.);
#1507=ADVANCED_FACE('',(#185),#1425,.T.);
#1508=ADVANCED_FACE('',(#186),#1426,.T.);
#1509=ADVANCED_FACE('',(#187),#93,.F.);
#1510=ADVANCED_FACE('',(#188),#94,.F.);
#1511=ADVANCED_FACE('',(#189),#95,.F.);
#1512=ADVANCED_FACE('',(#190),#96,.F.);
#1513=ADVANCED_FACE('',(#191),#97,.T.);
#1514=ADVANCED_FACE('',(#192),#98,.T.);
#1515=ADVANCED_FACE('',(#193),#99,.T.);
#1516=ADVANCED_FACE('',(#194),#100,.T.);
#1517=ADVANCED_FACE('',(#195),#101,.T.);
#1518=ADVANCED_FACE('',(#196),#102,.F.);
#1519=ADVANCED_FACE('',(#197),#1427,.F.);
#1520=ADVANCED_FACE('',(#198),#1428,.F.);
#1521=ADVANCED_FACE('',(#199),#1429,.F.);
#1522=ADVANCED_FACE('',(#200),#1430,.F.);
#1523=ADVANCED_FACE('',(#201),#103,.T.);
#1524=ADVANCED_FACE('',(#202),#104,.T.);
#1525=ADVANCED_FACE('',(#203),#105,.T.);
#1526=ADVANCED_FACE('',(#204),#106,.T.);
#1527=ADVANCED_FACE('',(#205,#44,#45,#46,#47),#107,.T.);
#1528=ADVANCED_FACE('',(#206,#48,#49,#50,#51),#108,.F.);
#1529=CLOSED_SHELL('',(#1431,#1432,#1433,#1434,#1435,#1436,#1437,#1438,
#1439,#1440,#1441,#1442,#1443,#1444,#1445,#1446,#1447,#1448,#1449,#1450,
#1451,#1452,#1453,#1454,#1455,#1456,#1457,#1458,#1459,#1460,#1461,#1462,
#1463,#1464,#1465,#1466,#1467,#1468,#1469,#1470,#1471,#1472,#1473,#1474,
#1475,#1476,#1477,#1478,#1479,#1480,#1481,#1482,#1483,#1484,#1485,#1486,
#1487,#1488,#1489,#1490,#1491,#1492,#1493,#1494,#1495,#1496,#1497,#1498,
#1499,#1500,#1501,#1502,#1503,#1504,#1505,#1506,#1507,#1508,#1509,#1510,
#1511,#1512,#1513,#1514,#1515,#1516,#1517,#1518));
#1530=CLOSED_SHELL('',(#1519,#1520,#1521,#1522,#1523,#1524,#1525,#1526,
#1527,#1528));
#1531=DERIVED_UNIT_ELEMENT(#1533,1.);
#1532=DERIVED_UNIT_ELEMENT(#2640,-3.);
#1533=(
MASS_UNIT()
NAMED_UNIT(*)
SI_UNIT(.KILO.,.GRAM.)
);
#1534=DERIVED_UNIT((#1531,#1532));
#1535=MEASURE_REPRESENTATION_ITEM('density measure',
POSITIVE_RATIO_MEASURE(7850.),#1534);
#1536=PROPERTY_DEFINITION_REPRESENTATION(#1541,#1538);
#1537=PROPERTY_DEFINITION_REPRESENTATION(#1542,#1539);
#1538=REPRESENTATION('material name',(#1540),#2637);
#1539=REPRESENTATION('density',(#1535),#2637);
#1540=DESCRIPTIVE_REPRESENTATION_ITEM('Steel','Steel');
#1541=PROPERTY_DEFINITION('material property','material name',#2647);
#1542=PROPERTY_DEFINITION('material property','density of part',#2647);
#1543=AXIS2_PLACEMENT_3D('',#2204,#1724,#1725);
#1544=AXIS2_PLACEMENT_3D('',#2205,#1726,#1727);
#1545=AXIS2_PLACEMENT_3D('',#2210,#1729,#1730);
#1546=AXIS2_PLACEMENT_3D('',#2213,#1732,#1733);
#1547=AXIS2_PLACEMENT_3D('',#2214,#1734,#1735);
#1548=AXIS2_PLACEMENT_3D('',#2218,#1737,#1738);
#1549=AXIS2_PLACEMENT_3D('',#2220,#1740,#1741);
#1550=AXIS2_PLACEMENT_3D('',#2221,#1742,#1743);
#1551=AXIS2_PLACEMENT_3D('',#2223,#1745,#1746);
#1552=AXIS2_PLACEMENT_3D('',#2228,#1748,#1749);
#1553=AXIS2_PLACEMENT_3D('',#2231,#1751,#1752);
#1554=AXIS2_PLACEMENT_3D('',#2232,#1753,#1754);
#1555=AXIS2_PLACEMENT_3D('',#2236,#1756,#1757);
#1556=AXIS2_PLACEMENT_3D('',#2238,#1759,#1760);
#1557=AXIS2_PLACEMENT_3D('',#2242,#1762,#1763);
#1558=AXIS2_PLACEMENT_3D('',#2244,#1765,#1766);
#1559=AXIS2_PLACEMENT_3D('',#2249,#1768,#1769);
#1560=AXIS2_PLACEMENT_3D('',#2252,#1771,#1772);
#1561=AXIS2_PLACEMENT_3D('',#2253,#1773,#1774);
#1562=AXIS2_PLACEMENT_3D('',#2257,#1776,#1777);
#1563=AXIS2_PLACEMENT_3D('',#2259,#1779,#1780);
#1564=AXIS2_PLACEMENT_3D('',#2263,#1782,#1783);
#1565=AXIS2_PLACEMENT_3D('',#2265,#1785,#1786);
#1566=AXIS2_PLACEMENT_3D('',#2268,#1789,#1790);
#1567=AXIS2_PLACEMENT_3D('',#2277,#1795,#1796);
#1568=AXIS2_PLACEMENT_3D('',#2281,#1798,#1799);
#1569=AXIS2_PLACEMENT_3D('',#2284,#1801,#1802);
#1570=AXIS2_PLACEMENT_3D('',#2286,#1803,#1804);
#1571=AXIS2_PLACEMENT_3D('',#2292,#1807,#1808);
#1572=AXIS2_PLACEMENT_3D('',#2298,#1811,#1812);
#1573=AXIS2_PLACEMENT_3D('',#2299,#1813,#1814);
#1574=AXIS2_PLACEMENT_3D('',#2303,#1816,#1817);
#1575=AXIS2_PLACEMENT_3D('',#2307,#1819,#1820);
#1576=AXIS2_PLACEMENT_3D('',#2316,#1825,#1826);
#1577=AXIS2_PLACEMENT_3D('',#2325,#1831,#1832);
#1578=AXIS2_PLACEMENT_3D('',#2327,#1833,#1834);
#1579=AXIS2_PLACEMENT_3D('',#2329,#1835,#1836);
#1580=AXIS2_PLACEMENT_3D('',#2330,#1837,#1838);
#1581=AXIS2_PLACEMENT_3D('',#2336,#1842,#1843);
#1582=AXIS2_PLACEMENT_3D('',#2338,#1844,#1845);
#1583=AXIS2_PLACEMENT_3D('',#2341,#1847,#1848);
#1584=AXIS2_PLACEMENT_3D('',#2342,#1849,#1850);
#1585=AXIS2_PLACEMENT_3D('',#2343,#1851,#1852);
#1586=AXIS2_PLACEMENT_3D('',#2345,#1853,#1854);
#1587=AXIS2_PLACEMENT_3D('',#2348,#1856,#1857);
#1588=AXIS2_PLACEMENT_3D('',#2349,#1858,#1859);
#1589=AXIS2_PLACEMENT_3D('',#2350,#1860,#1861);
#1590=AXIS2_PLACEMENT_3D('',#2352,#1862,#1863);
#1591=AXIS2_PLACEMENT_3D('',#2355,#1865,#1866);
#1592=AXIS2_PLACEMENT_3D('',#2356,#1867,#1868);
#1593=AXIS2_PLACEMENT_3D('',#2357,#1869,#1870);
#1594=AXIS2_PLACEMENT_3D('',#2359,#1871,#1872);
#1595=AXIS2_PLACEMENT_3D('',#2360,#1873,#1874);
#1596=AXIS2_PLACEMENT_3D('',#2363,#1876,#1877);
#1597=AXIS2_PLACEMENT_3D('',#2364,#1878,#1879);
#1598=AXIS2_PLACEMENT_3D('',#2366,#1880,#1881);
#1599=AXIS2_PLACEMENT_3D('',#2367,#1882,#1883);
#1600=AXIS2_PLACEMENT_3D('',#2370,#1885,#1886);
#1601=AXIS2_PLACEMENT_3D('',#2371,#1887,#1888);
#1602=AXIS2_PLACEMENT_3D('',#2373,#1889,#1890);
#1603=AXIS2_PLACEMENT_3D('',#2374,#1891,#1892);
#1604=AXIS2_PLACEMENT_3D('',#2377,#1894,#1895);
#1605=AXIS2_PLACEMENT_3D('',#2378,#1896,#1897);
#1606=AXIS2_PLACEMENT_3D('',#2380,#1898,#1899);
#1607=AXIS2_PLACEMENT_3D('',#2381,#1900,#1901);
#1608=AXIS2_PLACEMENT_3D('',#2384,#1903,#1904);
#1609=AXIS2_PLACEMENT_3D('',#2385,#1905,#1906);
#1610=AXIS2_PLACEMENT_3D('',#2387,#1907,#1908);
#1611=AXIS2_PLACEMENT_3D('',#2388,#1909,#1910);
#1612=AXIS2_PLACEMENT_3D('',#2391,#1912,#1913);
#1613=AXIS2_PLACEMENT_3D('',#2392,#1914,#1915);
#1614=AXIS2_PLACEMENT_3D('',#2394,#1916,#1917);
#1615=AXIS2_PLACEMENT_3D('',#2395,#1918,#1919);
#1616=AXIS2_PLACEMENT_3D('',#2398,#1921,#1922);
#1617=AXIS2_PLACEMENT_3D('',#2399,#1923,#1924);
#1618=AXIS2_PLACEMENT_3D('',#2401,#1925,#1926);
#1619=AXIS2_PLACEMENT_3D('',#2402,#1927,#1928);
#1620=AXIS2_PLACEMENT_3D('',#2405,#1930,#1931);
#1621=AXIS2_PLACEMENT_3D('',#2406,#1932,#1933);
#1622=AXIS2_PLACEMENT_3D('',#2408,#1934,#1935);
#1623=AXIS2_PLACEMENT_3D('',#2409,#1936,#1937);
#1624=AXIS2_PLACEMENT_3D('',#2412,#1939,#1940);
#1625=AXIS2_PLACEMENT_3D('',#2413,#1941,#1942);
#1626=AXIS2_PLACEMENT_3D('',#2415,#1943,#1944);
#1627=AXIS2_PLACEMENT_3D('',#2418,#1946,#1947);
#1628=AXIS2_PLACEMENT_3D('',#2419,#1948,#1949);
#1629=AXIS2_PLACEMENT_3D('',#2420,#1950,#1951);
#1630=AXIS2_PLACEMENT_3D('',#2422,#1952,#1953);
#1631=AXIS2_PLACEMENT_3D('',#2425,#1955,#1956);
#1632=AXIS2_PLACEMENT_3D('',#2426,#1957,#1958);
#1633=AXIS2_PLACEMENT_3D('',#2427,#1959,#1960);
#1634=AXIS2_PLACEMENT_3D('',#2429,#1961,#1962);
#1635=AXIS2_PLACEMENT_3D('',#2432,#1964,#1965);
#1636=AXIS2_PLACEMENT_3D('',#2433,#1966,#1967);
#1637=AXIS2_PLACEMENT_3D('',#2434,#1968,#1969);
#1638=AXIS2_PLACEMENT_3D('',#2436,#1970,#1971);
#1639=AXIS2_PLACEMENT_3D('',#2439,#1973,#1974);
#1640=AXIS2_PLACEMENT_3D('',#2440,#1975,#1976);
#1641=AXIS2_PLACEMENT_3D('',#2441,#1977,#1978);
#1642=AXIS2_PLACEMENT_3D('',#2443,#1979,#1980);
#1643=AXIS2_PLACEMENT_3D('',#2446,#1982,#1983);
#1644=AXIS2_PLACEMENT_3D('',#2447,#1984,#1985);
#1645=AXIS2_PLACEMENT_3D('',#2448,#1986,#1987);
#1646=AXIS2_PLACEMENT_3D('',#2450,#1988,#1989);
#1647=AXIS2_PLACEMENT_3D('',#2453,#1991,#1992);
#1648=AXIS2_PLACEMENT_3D('',#2454,#1993,#1994);
#1649=AXIS2_PLACEMENT_3D('',#2455,#1995,#1996);
#1650=AXIS2_PLACEMENT_3D('',#2457,#1997,#1998);
#1651=AXIS2_PLACEMENT_3D('',#2460,#2000,#2001);
#1652=AXIS2_PLACEMENT_3D('',#2461,#2002,#2003);
#1653=AXIS2_PLACEMENT_3D('',#2462,#2004,#2005);
#1654=AXIS2_PLACEMENT_3D('',#2464,#2006,#2007);
#1655=AXIS2_PLACEMENT_3D('',#2467,#2009,#2010);
#1656=AXIS2_PLACEMENT_3D('',#2468,#2011,#2012);
#1657=AXIS2_PLACEMENT_3D('',#2469,#2013,#2014);
#1658=AXIS2_PLACEMENT_3D('',#2471,#2015,#2016);
#1659=AXIS2_PLACEMENT_3D('',#2472,#2017,#2018);
#1660=AXIS2_PLACEMENT_3D('',#2474,#2020,#2021);
#1661=AXIS2_PLACEMENT_3D('',#2476,#2022,#2023);
#1662=AXIS2_PLACEMENT_3D('',#2477,#2024,#2025);
#1663=AXIS2_PLACEMENT_3D('',#2479,#2027,#2028);
#1664=AXIS2_PLACEMENT_3D('',#2481,#2029,#2030);
#1665=AXIS2_PLACEMENT_3D('',#2482,#2031,#2032);
#1666=AXIS2_PLACEMENT_3D('',#2484,#2034,#2035);
#1667=AXIS2_PLACEMENT_3D('',#2486,#2036,#2037);
#1668=AXIS2_PLACEMENT_3D('',#2487,#2038,#2039);
#1669=AXIS2_PLACEMENT_3D('',#2489,#2041,#2042);
#1670=AXIS2_PLACEMENT_3D('',#2492,#2044,#2045);
#1671=AXIS2_PLACEMENT_3D('',#2493,#2046,#2047);
#1672=AXIS2_PLACEMENT_3D('',#2498,#2050,#2051);
#1673=AXIS2_PLACEMENT_3D('',#2499,#2052,#2053);
#1674=AXIS2_PLACEMENT_3D('',#2503,#2056,#2057);
#1675=AXIS2_PLACEMENT_3D('',#2507,#2060,#2061);
#1676=AXIS2_PLACEMENT_3D('',#2509,#2062,#2063);
#1677=AXIS2_PLACEMENT_3D('',#2513,#2065,#2066);
#1678=AXIS2_PLACEMENT_3D('',#2516,#2068,#2069);
#1679=AXIS2_PLACEMENT_3D('',#2517,#2070,#2071);
#1680=AXIS2_PLACEMENT_3D('',#2519,#2073,#2074);
#1681=AXIS2_PLACEMENT_3D('',#2522,#2077,#2078);
#1682=AXIS2_PLACEMENT_3D('',#2527,#2081,#2082);
#1683=AXIS2_PLACEMENT_3D('',#2528,#2083,#2084);
#1684=AXIS2_PLACEMENT_3D('',#2530,#2086,#2087);
#1685=AXIS2_PLACEMENT_3D('',#2534,#2090,#2091);
#1686=AXIS2_PLACEMENT_3D('',#2536,#2093,#2094);
#1687=AXIS2_PLACEMENT_3D('',#2538,#2096,#2097);
#1688=AXIS2_PLACEMENT_3D('',#2539,#2098,#2099);
#1689=AXIS2_PLACEMENT_3D('',#2540,#2100,#2101);
#1690=AXIS2_PLACEMENT_3D('',#2545,#2104,#2105);
#1691=AXIS2_PLACEMENT_3D('',#2546,#2106,#2107);
#1692=AXIS2_PLACEMENT_3D('',#2550,#2110,#2111);
#1693=AXIS2_PLACEMENT_3D('',#2552,#2113,#2114);
#1694=AXIS2_PLACEMENT_3D('',#2553,#2115,#2116);
#1695=AXIS2_PLACEMENT_3D('',#2557,#2118,#2119);
#1696=AXIS2_PLACEMENT_3D('',#2559,#2121,#2122);
#1697=AXIS2_PLACEMENT_3D('',#2560,#2123,#2124);
#1698=AXIS2_PLACEMENT_3D('',#2564,#2127,#2128);
#1699=AXIS2_PLACEMENT_3D('',#2565,#2129,#2130);
#1700=AXIS2_PLACEMENT_3D('',#2567,#2132,#2133);
#1701=AXIS2_PLACEMENT_3D('',#2568,#2134,#2135);
#1702=AXIS2_PLACEMENT_3D('',#2574,#2139,#2140);
#1703=AXIS2_PLACEMENT_3D('',#2578,#2143,#2144);
#1704=AXIS2_PLACEMENT_3D('',#2582,#2147,#2148);
#1705=AXIS2_PLACEMENT_3D('',#2584,#2150,#2151);
#1706=AXIS2_PLACEMENT_3D('',#2585,#2152,#2153);
#1707=AXIS2_PLACEMENT_3D('',#2587,#2154,#2155);
#1708=AXIS2_PLACEMENT_3D('',#2590,#2157,#2158);
#1709=AXIS2_PLACEMENT_3D('',#2591,#2159,#2160);
#1710=AXIS2_PLACEMENT_3D('',#2593,#2161,#2162);
#1711=AXIS2_PLACEMENT_3D('',#2596,#2164,#2165);
#1712=AXIS2_PLACEMENT_3D('',#2597,#2166,#2167);
#1713=AXIS2_PLACEMENT_3D('',#2599,#2168,#2169);
#1714=AXIS2_PLACEMENT_3D('',#2602,#2171,#2172);
#1715=AXIS2_PLACEMENT_3D('',#2603,#2173,#2174);
#1716=AXIS2_PLACEMENT_3D('',#2605,#2175,#2176);
#1717=AXIS2_PLACEMENT_3D('',#2608,#2178,#2179);
#1718=AXIS2_PLACEMENT_3D('',#2609,#2180,#2181);
#1719=AXIS2_PLACEMENT_3D('',#2618,#2186,#2187);
#1720=AXIS2_PLACEMENT_3D('',#2624,#2191,#2192);
#1721=AXIS2_PLACEMENT_3D('',#2630,#2196,#2197);
#1722=AXIS2_PLACEMENT_3D('',#2633,#2200,#2201);
#1723=AXIS2_PLACEMENT_3D('',#2634,#2202,#2203);
#1724=DIRECTION('axis',(0.,0.,1.));
#1725=DIRECTION('refdir',(1.,0.,0.));
#1726=DIRECTION('center_axis',(0.,0.,1.));
#1727=DIRECTION('ref_axis',(1.,0.,0.));
#1728=DIRECTION('',(0.,0.,-1.));
#1729=DIRECTION('center_axis',(0.,0.,-1.));
#1730=DIRECTION('ref_axis',(1.,0.,0.));
#1731=DIRECTION('',(0.,0.,1.));
#1732=DIRECTION('center_axis',(0.,0.,-1.));
#1733=DIRECTION('ref_axis',(1.,0.,0.));
#1734=DIRECTION('center_axis',(0.,0.,1.));
#1735=DIRECTION('ref_axis',(1.,0.,0.));
#1736=DIRECTION('',(0.,0.,1.));
#1737=DIRECTION('center_axis',(0.,0.,-1.));
#1738=DIRECTION('ref_axis',(1.,0.,0.));
#1739=DIRECTION('',(0.,0.,1.));
#1740=DIRECTION('center_axis',(0.,0.,-1.));
#1741=DIRECTION('ref_axis',(1.,0.,0.));
#1742=DIRECTION('center_axis',(0.,0.,1.));
#1743=DIRECTION('ref_axis',(1.,0.,0.));
#1744=DIRECTION('',(0.,1.,0.));
#1745=DIRECTION('center_axis',(0.,0.,1.));
#1746=DIRECTION('ref_axis',(1.,0.,0.));
#1747=DIRECTION('',(0.,0.,1.));
#1748=DIRECTION('center_axis',(0.,0.,-1.));
#1749=DIRECTION('ref_axis',(1.,0.,0.));
#1750=DIRECTION('',(0.,0.,-1.));
#1751=DIRECTION('center_axis',(0.,0.,-1.));
#1752=DIRECTION('ref_axis',(1.,0.,0.));
#1753=DIRECTION('center_axis',(0.,0.,1.));
#1754=DIRECTION('ref_axis',(1.,0.,0.));
#1755=DIRECTION('',(0.,1.,0.));
#1756=DIRECTION('center_axis',(0.,0.,-1.));
#1757=DIRECTION('ref_axis',(1.,0.,0.));
#1758=DIRECTION('',(0.,-1.,0.));
#1759=DIRECTION('center_axis',(0.,0.,1.));
#1760=DIRECTION('ref_axis',(1.,0.,0.));
#1761=DIRECTION('',(0.,0.,-1.));
#1762=DIRECTION('center_axis',(0.,0.,-1.));
#1763=DIRECTION('ref_axis',(1.,0.,0.));
#1764=DIRECTION('',(0.,0.,1.));
#1765=DIRECTION('center_axis',(0.,0.,1.));
#1766=DIRECTION('ref_axis',(1.,0.,0.));
#1767=DIRECTION('',(0.,0.,1.));
#1768=DIRECTION('center_axis',(0.,0.,-1.));
#1769=DIRECTION('ref_axis',(1.,0.,0.));
#1770=DIRECTION('',(0.,0.,-1.));
#1771=DIRECTION('center_axis',(0.,0.,-1.));
#1772=DIRECTION('ref_axis',(1.,0.,0.));
#1773=DIRECTION('center_axis',(0.,0.,1.));
#1774=DIRECTION('ref_axis',(1.,0.,0.));
#1775=DIRECTION('',(0.,1.,0.));
#1776=DIRECTION('center_axis',(0.,0.,-1.));
#1777=DIRECTION('ref_axis',(1.,0.,0.));
#1778=DIRECTION('',(0.,-1.,0.));
#1779=DIRECTION('center_axis',(0.,0.,1.));
#1780=DIRECTION('ref_axis',(1.,0.,0.));
#1781=DIRECTION('',(0.,0.,-1.));
#1782=DIRECTION('center_axis',(0.,0.,-1.));
#1783=DIRECTION('ref_axis',(1.,0.,0.));
#1784=DIRECTION('',(0.,0.,1.));
#1785=DIRECTION('center_axis',(0.,0.,1.));
#1786=DIRECTION('ref_axis',(1.,0.,0.));
#1787=DIRECTION('',(0.,1.,0.));
#1788=DIRECTION('',(0.,-1.,0.));
#1789=DIRECTION('center_axis',(0.,0.,1.));
#1790=DIRECTION('ref_axis',(1.,0.,0.));
#1791=DIRECTION('',(0.,-1.,0.));
#1792=DIRECTION('',(1.,0.,0.));
#1793=DIRECTION('',(0.,1.,0.));
#1794=DIRECTION('',(0.,-1.,0.));
#1795=DIRECTION('center_axis',(0.,0.,1.));
#1796=DIRECTION('ref_axis',(1.,0.,0.));
#1797=DIRECTION('',(-1.,0.,0.));
#1798=DIRECTION('center_axis',(0.,0.,1.));
#1799=DIRECTION('ref_axis',(1.,0.,0.));
#1800=DIRECTION('',(0.,1.,0.));
#1801=DIRECTION('center_axis',(0.,0.,-1.));
#1802=DIRECTION('ref_axis',(1.,0.,0.));
#1803=DIRECTION('center_axis',(0.,0.,-1.));
#1804=DIRECTION('ref_axis',(1.,0.,0.));
#1805=DIRECTION('',(-1.,0.,0.));
#1806=DIRECTION('',(0.,1.,0.));
#1807=DIRECTION('center_axis',(0.,0.,1.));
#1808=DIRECTION('ref_axis',(1.,0.,0.));
#1809=DIRECTION('',(0.,-1.,0.));
#1810=DIRECTION('',(-1.,0.,0.));
#1811=DIRECTION('center_axis',(0.,0.,1.));
#1812=DIRECTION('ref_axis',(1.,0.,0.));
#1813=DIRECTION('center_axis',(0.,0.,1.));
#1814=DIRECTION('ref_axis',(1.,0.,0.));
#1815=DIRECTION('',(0.,1.,0.));
#1816=DIRECTION('center_axis',(0.,0.,1.));
#1817=DIRECTION('ref_axis',(1.,0.,0.));
#1818=DIRECTION('',(1.,0.,0.));
#1819=DIRECTION('center_axis',(0.,0.,1.));
#1820=DIRECTION('ref_axis',(1.,0.,0.));
#1821=DIRECTION('',(0.,-1.,0.));
#1822=DIRECTION('',(0.,1.,0.));
#1823=DIRECTION('',(-1.,0.,0.));
#1824=DIRECTION('',(0.,-1.,0.));
#1825=DIRECTION('center_axis',(0.,0.,1.));
#1826=DIRECTION('ref_axis',(1.,0.,0.));
#1827=DIRECTION('',(0.,1.,0.));
#1828=DIRECTION('',(1.,0.,0.));
#1829=DIRECTION('',(1.,0.,0.));
#1830=DIRECTION('',(0.,-1.,0.));
#1831=DIRECTION('center_axis',(0.,0.,1.));
#1832=DIRECTION('ref_axis',(1.,0.,0.));
#1833=DIRECTION('center_axis',(0.,0.,-1.));
#1834=DIRECTION('ref_axis',(1.,0.,0.));
#1835=DIRECTION('center_axis',(0.,0.,-1.));
#1836=DIRECTION('ref_axis',(1.,0.,0.));
#1837=DIRECTION('center_axis',(1.,0.,0.));
#1838=DIRECTION('ref_axis',(0.,1.,0.));
#1839=DIRECTION('',(0.,0.,-1.));
#1840=DIRECTION('',(0.,-1.,0.));
#1841=DIRECTION('',(0.,0.,1.));
#1842=DIRECTION('center_axis',(0.,0.,1.));
#1843=DIRECTION('ref_axis',(1.,0.,0.));
#1844=DIRECTION('center_axis',(0.,0.,1.));
#1845=DIRECTION('ref_axis',(1.,0.,0.));
#1846=DIRECTION('',(0.,0.,-1.));
#1847=DIRECTION('center_axis',(0.,0.,-1.));
#1848=DIRECTION('ref_axis',(1.,0.,0.));
#1849=DIRECTION('center_axis',(0.,0.,1.));
#1850=DIRECTION('ref_axis',(1.,0.,0.));
#1851=DIRECTION('center_axis',(0.,0.,1.));
#1852=DIRECTION('ref_axis',(1.,0.,0.));
#1853=DIRECTION('center_axis',(0.,0.,1.));
#1854=DIRECTION('ref_axis',(1.,0.,0.));
#1855=DIRECTION('',(0.,0.,-1.));
#1856=DIRECTION('center_axis',(0.,0.,-1.));
#1857=DIRECTION('ref_axis',(1.,0.,0.));
#1858=DIRECTION('center_axis',(0.,0.,1.));
#1859=DIRECTION('ref_axis',(1.,0.,0.));
#1860=DIRECTION('center_axis',(0.,0.,1.));
#1861=DIRECTION('ref_axis',(1.,0.,0.));
#1862=DIRECTION('center_axis',(0.,0.,1.));
#1863=DIRECTION('ref_axis',(1.,0.,0.));
#1864=DIRECTION('',(0.,0.,-1.));
#1865=DIRECTION('center_axis',(0.,0.,-1.));
#1866=DIRECTION('ref_axis',(1.,0.,0.));
#1867=DIRECTION('center_axis',(0.,0.,1.));
#1868=DIRECTION('ref_axis',(1.,0.,0.));
#1869=DIRECTION('center_axis',(0.,0.,1.));
#1870=DIRECTION('ref_axis',(1.,0.,0.));
#1871=DIRECTION('center_axis',(0.,0.,-1.));
#1872=DIRECTION('ref_axis',(1.,0.,0.));
#1873=DIRECTION('center_axis',(0.,0.,1.));
#1874=DIRECTION('ref_axis',(1.,0.,0.));
#1875=DIRECTION('',(0.,0.,1.));
#1876=DIRECTION('center_axis',(0.,0.,-1.));
#1877=DIRECTION('ref_axis',(1.,0.,0.));
#1878=DIRECTION('center_axis',(0.,0.,1.));
#1879=DIRECTION('ref_axis',(1.,0.,0.));
#1880=DIRECTION('center_axis',(0.,0.,-1.));
#1881=DIRECTION('ref_axis',(1.,0.,0.));
#1882=DIRECTION('center_axis',(0.,0.,1.));
#1883=DIRECTION('ref_axis',(1.,0.,0.));
#1884=DIRECTION('',(0.,0.,1.));
#1885=DIRECTION('center_axis',(0.,0.,-1.));
#1886=DIRECTION('ref_axis',(1.,0.,0.));
#1887=DIRECTION('center_axis',(0.,0.,1.));
#1888=DIRECTION('ref_axis',(1.,0.,0.));
#1889=DIRECTION('center_axis',(0.,0.,-1.));
#1890=DIRECTION('ref_axis',(1.,0.,0.));
#1891=DIRECTION('center_axis',(0.,0.,1.));
#1892=DIRECTION('ref_axis',(1.,0.,0.));
#1893=DIRECTION('',(0.,0.,1.));
#1894=DIRECTION('center_axis',(0.,0.,-1.));
#1895=DIRECTION('ref_axis',(1.,0.,0.));
#1896=DIRECTION('center_axis',(0.,0.,1.));
#1897=DIRECTION('ref_axis',(1.,0.,0.));
#1898=DIRECTION('center_axis',(0.,0.,-1.));
#1899=DIRECTION('ref_axis',(1.,0.,0.));
#1900=DIRECTION('center_axis',(0.,0.,1.));
#1901=DIRECTION('ref_axis',(1.,0.,0.));
#1902=DIRECTION('',(0.,0.,1.));
#1903=DIRECTION('center_axis',(0.,0.,-1.));
#1904=DIRECTION('ref_axis',(1.,0.,0.));
#1905=DIRECTION('center_axis',(0.,0.,1.));
#1906=DIRECTION('ref_axis',(1.,0.,0.));
#1907=DIRECTION('center_axis',(0.,0.,-1.));
#1908=DIRECTION('ref_axis',(1.,0.,0.));
#1909=DIRECTION('center_axis',(0.,0.,1.));
#1910=DIRECTION('ref_axis',(1.,0.,0.));
#1911=DIRECTION('',(0.,0.,1.));
#1912=DIRECTION('center_axis',(0.,0.,-1.));
#1913=DIRECTION('ref_axis',(1.,0.,0.));
#1914=DIRECTION('center_axis',(0.,0.,1.));
#1915=DIRECTION('ref_axis',(1.,0.,0.));
#1916=DIRECTION('center_axis',(0.,0.,-1.));
#1917=DIRECTION('ref_axis',(1.,0.,0.));
#1918=DIRECTION('center_axis',(0.,0.,1.));
#1919=DIRECTION('ref_axis',(1.,0.,0.));
#1920=DIRECTION('',(0.,0.,1.));
#1921=DIRECTION('center_axis',(0.,0.,-1.));
#1922=DIRECTION('ref_axis',(1.,0.,0.));
#1923=DIRECTION('center_axis',(0.,0.,1.));
#1924=DIRECTION('ref_axis',(1.,0.,0.));
#1925=DIRECTION('center_axis',(0.,0.,-1.));
#1926=DIRECTION('ref_axis',(1.,0.,0.));
#1927=DIRECTION('center_axis',(0.,0.,1.));
#1928=DIRECTION('ref_axis',(1.,0.,0.));
#1929=DIRECTION('',(0.,0.,1.));
#1930=DIRECTION('center_axis',(0.,0.,-1.));
#1931=DIRECTION('ref_axis',(1.,0.,0.));
#1932=DIRECTION('center_axis',(0.,0.,1.));
#1933=DIRECTION('ref_axis',(1.,0.,0.));
#1934=DIRECTION('center_axis',(0.,0.,-1.));
#1935=DIRECTION('ref_axis',(1.,0.,0.));
#1936=DIRECTION('center_axis',(0.,0.,1.));
#1937=DIRECTION('ref_axis',(1.,0.,0.));
#1938=DIRECTION('',(0.,0.,1.));
#1939=DIRECTION('center_axis',(0.,0.,-1.));
#1940=DIRECTION('ref_axis',(1.,0.,0.));
#1941=DIRECTION('center_axis',(0.,0.,1.));
#1942=DIRECTION('ref_axis',(1.,0.,0.));
#1943=DIRECTION('center_axis',(0.,0.,1.));
#1944=DIRECTION('ref_axis',(1.,0.,0.));
#1945=DIRECTION('',(0.,0.,-1.));
#1946=DIRECTION('center_axis',(0.,0.,-1.));
#1947=DIRECTION('ref_axis',(1.,0.,0.));
#1948=DIRECTION('center_axis',(0.,0.,1.));
#1949=DIRECTION('ref_axis',(1.,0.,0.));
#1950=DIRECTION('center_axis',(0.,0.,1.));
#1951=DIRECTION('ref_axis',(1.,0.,0.));
#1952=DIRECTION('center_axis',(0.,0.,1.));
#1953=DIRECTION('ref_axis',(1.,0.,0.));
#1954=DIRECTION('',(0.,0.,-1.));
#1955=DIRECTION('center_axis',(0.,0.,-1.));
#1956=DIRECTION('ref_axis',(1.,0.,0.));
#1957=DIRECTION('center_axis',(0.,0.,1.));
#1958=DIRECTION('ref_axis',(1.,0.,0.));
#1959=DIRECTION('center_axis',(0.,0.,1.));
#1960=DIRECTION('ref_axis',(1.,0.,0.));
#1961=DIRECTION('center_axis',(0.,0.,1.));
#1962=DIRECTION('ref_axis',(1.,0.,0.));
#1963=DIRECTION('',(0.,0.,-1.));
#1964=DIRECTION('center_axis',(0.,0.,-1.));
#1965=DIRECTION('ref_axis',(1.,0.,0.));
#1966=DIRECTION('center_axis',(0.,0.,1.));
#1967=DIRECTION('ref_axis',(1.,0.,0.));
#1968=DIRECTION('center_axis',(0.,0.,1.));
#1969=DIRECTION('ref_axis',(1.,0.,0.));
#1970=DIRECTION('center_axis',(0.,0.,1.));
#1971=DIRECTION('ref_axis',(1.,0.,0.));
#1972=DIRECTION('',(0.,0.,-1.));
#1973=DIRECTION('center_axis',(0.,0.,-1.));
#1974=DIRECTION('ref_axis',(1.,0.,0.));
#1975=DIRECTION('center_axis',(0.,0.,1.));
#1976=DIRECTION('ref_axis',(1.,0.,0.));
#1977=DIRECTION('center_axis',(0.,0.,1.));
#1978=DIRECTION('ref_axis',(1.,0.,0.));
#1979=DIRECTION('center_axis',(0.,0.,1.));
#1980=DIRECTION('ref_axis',(1.,0.,0.));
#1981=DIRECTION('',(0.,0.,-1.));
#1982=DIRECTION('center_axis',(0.,0.,-1.));
#1983=DIRECTION('ref_axis',(1.,0.,0.));
#1984=DIRECTION('center_axis',(0.,0.,1.));
#1985=DIRECTION('ref_axis',(1.,0.,0.));
#1986=DIRECTION('center_axis',(0.,0.,1.));
#1987=DIRECTION('ref_axis',(1.,0.,0.));
#1988=DIRECTION('center_axis',(0.,0.,1.));
#1989=DIRECTION('ref_axis',(1.,0.,0.));
#1990=DIRECTION('',(0.,0.,-1.));
#1991=DIRECTION('center_axis',(0.,0.,-1.));
#1992=DIRECTION('ref_axis',(1.,0.,0.));
#1993=DIRECTION('center_axis',(0.,0.,1.));
#1994=DIRECTION('ref_axis',(1.,0.,0.));
#1995=DIRECTION('center_axis',(0.,0.,1.));
#1996=DIRECTION('ref_axis',(1.,0.,0.));
#1997=DIRECTION('center_axis',(0.,0.,1.));
#1998=DIRECTION('ref_axis',(1.,0.,0.));
#1999=DIRECTION('',(0.,0.,-1.));
#2000=DIRECTION('center_axis',(0.,0.,-1.));
#2001=DIRECTION('ref_axis',(1.,0.,0.));
#2002=DIRECTION('center_axis',(0.,0.,1.));
#2003=DIRECTION('ref_axis',(1.,0.,0.));
#2004=DIRECTION('center_axis',(0.,0.,1.));
#2005=DIRECTION('ref_axis',(1.,0.,0.));
#2006=DIRECTION('center_axis',(0.,0.,1.));
#2007=DIRECTION('ref_axis',(1.,0.,0.));
#2008=DIRECTION('',(0.,0.,-1.));
#2009=DIRECTION('center_axis',(0.,0.,-1.));
#2010=DIRECTION('ref_axis',(1.,0.,0.));
#2011=DIRECTION('center_axis',(0.,0.,1.));
#2012=DIRECTION('ref_axis',(1.,0.,0.));
#2013=DIRECTION('center_axis',(0.,0.,1.));
#2014=DIRECTION('ref_axis',(1.,0.,0.));
#2015=DIRECTION('center_axis',(0.,0.,-1.));
#2016=DIRECTION('ref_axis',(1.,0.,0.));
#2017=DIRECTION('center_axis',(0.,0.,1.));
#2018=DIRECTION('ref_axis',(1.,0.,0.));
#2019=DIRECTION('',(0.,0.,1.));
#2020=DIRECTION('center_axis',(0.,0.,1.));
#2021=DIRECTION('ref_axis',(1.,0.,0.));
#2022=DIRECTION('center_axis',(0.,0.,-1.));
#2023=DIRECTION('ref_axis',(1.,0.,0.));
#2024=DIRECTION('center_axis',(0.,0.,1.));
#2025=DIRECTION('ref_axis',(1.,0.,0.));
#2026=DIRECTION('',(0.,0.,1.));
#2027=DIRECTION('center_axis',(0.,0.,1.));
#2028=DIRECTION('ref_axis',(1.,0.,0.));
#2029=DIRECTION('center_axis',(0.,0.,-1.));
#2030=DIRECTION('ref_axis',(1.,0.,0.));
#2031=DIRECTION('center_axis',(0.,0.,1.));
#2032=DIRECTION('ref_axis',(1.,0.,0.));
#2033=DIRECTION('',(0.,0.,1.));
#2034=DIRECTION('center_axis',(0.,0.,1.));
#2035=DIRECTION('ref_axis',(1.,0.,0.));
#2036=DIRECTION('center_axis',(0.,0.,-1.));
#2037=DIRECTION('ref_axis',(1.,0.,0.));
#2038=DIRECTION('center_axis',(0.,0.,1.));
#2039=DIRECTION('ref_axis',(1.,0.,0.));
#2040=DIRECTION('',(0.,0.,1.));
#2041=DIRECTION('center_axis',(0.,0.,1.));
#2042=DIRECTION('ref_axis',(-0.707106781186545,-0.70710678118655,0.));
#2043=DIRECTION('',(0.,0.,1.));
#2044=DIRECTION('center_axis',(0.,0.,-1.));
#2045=DIRECTION('ref_axis',(1.,0.,0.));
#2046=DIRECTION('center_axis',(0.,0.,1.));
#2047=DIRECTION('ref_axis',(1.,0.,0.));
#2048=DIRECTION('',(0.,0.,-1.));
#2049=DIRECTION('',(0.,0.,1.));
#2050=DIRECTION('center_axis',(0.,0.,-1.));
#2051=DIRECTION('ref_axis',(1.,0.,0.));
#2052=DIRECTION('center_axis',(0.,1.,0.));
#2053=DIRECTION('ref_axis',(-1.,0.,0.));
#2054=DIRECTION('',(0.,0.,-1.));
#2055=DIRECTION('',(1.,0.,0.));
#2056=DIRECTION('center_axis',(1.,0.,0.));
#2057=DIRECTION('ref_axis',(0.,1.,0.));
#2058=DIRECTION('',(0.,0.,-1.));
#2059=DIRECTION('',(0.,-1.,0.));
#2060=DIRECTION('center_axis',(0.,0.,1.));
#2061=DIRECTION('ref_axis',(1.,0.,0.));
#2062=DIRECTION('center_axis',(0.,0.,-1.));
#2063=DIRECTION('ref_axis',(1.,0.,0.));
#2064=DIRECTION('',(0.,1.,0.));
#2065=DIRECTION('center_axis',(0.,0.,-1.));
#2066=DIRECTION('ref_axis',(1.,0.,0.));
#2067=DIRECTION('',(-1.,0.,0.));
#2068=DIRECTION('center_axis',(0.,0.,-1.));
#2069=DIRECTION('ref_axis',(1.,0.,0.));
#2070=DIRECTION('center_axis',(0.,0.,1.));
#2071=DIRECTION('ref_axis',(1.,0.,0.));
#2072=DIRECTION('',(1.,0.,0.));
#2073=DIRECTION('center_axis',(0.,0.,1.));
#2074=DIRECTION('ref_axis',(1.,0.,0.));
#2075=DIRECTION('',(0.,0.,1.));
#2076=DIRECTION('',(0.,0.,-1.));
#2077=DIRECTION('center_axis',(0.,0.,1.));
#2078=DIRECTION('ref_axis',(1.,0.,0.));
#2079=DIRECTION('',(0.,0.,-1.));
#2080=DIRECTION('',(0.,0.,1.));
#2081=DIRECTION('center_axis',(0.,0.,-1.));
#2082=DIRECTION('ref_axis',(1.,0.,0.));
#2083=DIRECTION('center_axis',(0.,-1.,0.));
#2084=DIRECTION('ref_axis',(1.,0.,0.));
#2085=DIRECTION('',(0.,0.,-1.));
#2086=DIRECTION('center_axis',(0.,-1.,0.));
#2087=DIRECTION('ref_axis',(1.,0.,0.));
#2088=DIRECTION('',(-1.,0.,0.));
#2089=DIRECTION('',(0.,0.,-1.));
#2090=DIRECTION('center_axis',(0.,0.,1.));
#2091=DIRECTION('ref_axis',(1.,0.,0.));
#2092=DIRECTION('',(0.,1.,0.));
#2093=DIRECTION('center_axis',(-1.,0.,0.));
#2094=DIRECTION('ref_axis',(0.,-1.,0.));
#2095=DIRECTION('',(0.,0.,1.));
#2096=DIRECTION('center_axis',(-1.,0.,0.));
#2097=DIRECTION('ref_axis',(0.,-1.,0.));
#2098=DIRECTION('center_axis',(0.,0.,1.));
#2099=DIRECTION('ref_axis',(-0.707106781186545,0.70710678118655,0.));
#2100=DIRECTION('center_axis',(0.,0.,1.));
#2101=DIRECTION('ref_axis',(1.,0.,0.));
#2102=DIRECTION('',(0.,0.,-1.));
#2103=DIRECTION('',(0.,0.,1.));
#2104=DIRECTION('center_axis',(0.,0.,-1.));
#2105=DIRECTION('ref_axis',(1.,0.,0.));
#2106=DIRECTION('center_axis',(0.,-1.,0.));
#2107=DIRECTION('ref_axis',(1.,0.,0.));
#2108=DIRECTION('',(0.,0.,-1.));
#2109=DIRECTION('',(-1.,0.,0.));
#2110=DIRECTION('center_axis',(0.,0.,1.));
#2111=DIRECTION('ref_axis',(1.,0.,0.));
#2112=DIRECTION('',(0.,-1.,0.));
#2113=DIRECTION('center_axis',(0.,0.,1.));
#2114=DIRECTION('ref_axis',(1.,0.,0.));
#2115=DIRECTION('center_axis',(0.,0.,1.));
#2116=DIRECTION('ref_axis',(1.,0.,0.));
#2117=DIRECTION('',(0.,0.,1.));
#2118=DIRECTION('center_axis',(0.,0.,-1.));
#2119=DIRECTION('ref_axis',(1.,0.,0.));
#2120=DIRECTION('',(0.,0.,-1.));
#2121=DIRECTION('center_axis',(0.,1.,0.));
#2122=DIRECTION('ref_axis',(-1.,0.,0.));
#2123=DIRECTION('center_axis',(0.,1.,0.));
#2124=DIRECTION('ref_axis',(-1.,0.,0.));
#2125=DIRECTION('',(0.,0.,1.));
#2126=DIRECTION('',(1.,0.,0.));
#2127=DIRECTION('center_axis',(1.,0.,0.));
#2128=DIRECTION('ref_axis',(0.,1.,0.));
#2129=DIRECTION('center_axis',(-1.,0.,0.));
#2130=DIRECTION('ref_axis',(0.,-1.,0.));
#2131=DIRECTION('',(0.,1.,0.));
#2132=DIRECTION('center_axis',(0.,0.,1.));
#2133=DIRECTION('ref_axis',(1.,0.,0.));
#2134=DIRECTION('center_axis',(0.,1.,0.));
#2135=DIRECTION('ref_axis',(-1.,0.,0.));
#2136=DIRECTION('',(-1.,0.,0.));
#2137=DIRECTION('',(0.,0.,1.));
#2138=DIRECTION('',(0.,0.,1.));
#2139=DIRECTION('center_axis',(1.,0.,0.));
#2140=DIRECTION('ref_axis',(0.,1.,0.));
#2141=DIRECTION('',(0.,0.,1.));
#2142=DIRECTION('',(0.,1.,0.));
#2143=DIRECTION('center_axis',(0.,-1.,0.));
#2144=DIRECTION('ref_axis',(1.,0.,0.));
#2145=DIRECTION('',(1.,0.,0.));
#2146=DIRECTION('',(0.,0.,1.));
#2147=DIRECTION('center_axis',(-1.,0.,0.));
#2148=DIRECTION('ref_axis',(0.,-1.,0.));
#2149=DIRECTION('',(0.,-1.,0.));
#2150=DIRECTION('center_axis',(0.,0.,1.));
#2151=DIRECTION('ref_axis',(1.,0.,0.));
#2152=DIRECTION('center_axis',(0.,0.,1.));
#2153=DIRECTION('ref_axis',(1.,0.,0.));
#2154=DIRECTION('center_axis',(0.,0.,1.));
#2155=DIRECTION('ref_axis',(1.,0.,0.));
#2156=DIRECTION('',(0.,0.,1.));
#2157=DIRECTION('center_axis',(0.,0.,-1.));
#2158=DIRECTION('ref_axis',(1.,0.,0.));
#2159=DIRECTION('center_axis',(0.,0.,1.));
#2160=DIRECTION('ref_axis',(1.,0.,0.));
#2161=DIRECTION('center_axis',(0.,0.,1.));
#2162=DIRECTION('ref_axis',(1.,0.,0.));
#2163=DIRECTION('',(0.,0.,1.));
#2164=DIRECTION('center_axis',(0.,0.,-1.));
#2165=DIRECTION('ref_axis',(1.,0.,0.));
#2166=DIRECTION('center_axis',(0.,0.,1.));
#2167=DIRECTION('ref_axis',(1.,0.,0.));
#2168=DIRECTION('center_axis',(0.,0.,1.));
#2169=DIRECTION('ref_axis',(1.,0.,0.));
#2170=DIRECTION('',(0.,0.,1.));
#2171=DIRECTION('center_axis',(0.,0.,-1.));
#2172=DIRECTION('ref_axis',(1.,0.,0.));
#2173=DIRECTION('center_axis',(0.,0.,1.));
#2174=DIRECTION('ref_axis',(1.,0.,0.));
#2175=DIRECTION('center_axis',(0.,0.,1.));
#2176=DIRECTION('ref_axis',(1.,0.,0.));
#2177=DIRECTION('',(0.,0.,1.));
#2178=DIRECTION('center_axis',(0.,0.,-1.));
#2179=DIRECTION('ref_axis',(1.,0.,0.));
#2180=DIRECTION('center_axis',(0.,1.,0.));
#2181=DIRECTION('ref_axis',(-1.,0.,0.));
#2182=DIRECTION('',(-1.,0.,0.));
#2183=DIRECTION('',(0.,0.,1.));
#2184=DIRECTION('',(-1.,0.,0.));
#2185=DIRECTION('',(0.,0.,1.));
#2186=DIRECTION('center_axis',(1.,0.,0.));
#2187=DIRECTION('ref_axis',(0.,1.,0.));
#2188=DIRECTION('',(0.,1.,0.));
#2189=DIRECTION('',(0.,1.,0.));
#2190=DIRECTION('',(0.,0.,1.));
#2191=DIRECTION('center_axis',(0.,-1.,0.));
#2192=DIRECTION('ref_axis',(1.,0.,0.));
#2193=DIRECTION('',(1.,0.,0.));
#2194=DIRECTION('',(1.,0.,0.));
#2195=DIRECTION('',(0.,0.,1.));
#2196=DIRECTION('center_axis',(-1.,0.,0.));
#2197=DIRECTION('ref_axis',(0.,-1.,0.));
#2198=DIRECTION('',(0.,-1.,0.));
#2199=DIRECTION('',(0.,-1.,0.));
#2200=DIRECTION('center_axis',(0.,0.,1.));
#2201=DIRECTION('ref_axis',(1.,0.,0.));
#2202=DIRECTION('center_axis',(0.,0.,1.));
#2203=DIRECTION('ref_axis',(1.,0.,0.));
#2204=CARTESIAN_POINT('',(0.,0.,0.));
#2205=CARTESIAN_POINT('Origin',(0.,44.,35.));
#2206=CARTESIAN_POINT('',(0.,41.5,35.));
#2207=CARTESIAN_POINT('',(0.,41.5,23.));
#2208=CARTESIAN_POINT('',(0.,41.5,35.));
#2209=CARTESIAN_POINT('',(2.5,44.,35.));
#2210=CARTESIAN_POINT('Origin',(0.,44.,35.));
#2211=CARTESIAN_POINT('',(2.5,44.,23.));
#2212=CARTESIAN_POINT('',(2.5,44.,35.));
#2213=CARTESIAN_POINT('Origin',(0.,44.,23.));
#2214=CARTESIAN_POINT('Origin',(0.,44.,35.));
#2215=CARTESIAN_POINT('',(0.,46.5,23.));
#2216=CARTESIAN_POINT('',(0.,46.5,35.));
#2217=CARTESIAN_POINT('',(0.,46.5,35.));
#2218=CARTESIAN_POINT('Origin',(0.,44.,23.));
#2219=CARTESIAN_POINT('',(2.5,44.,35.));
#2220=CARTESIAN_POINT('Origin',(0.,44.,35.));
#2221=CARTESIAN_POINT('Origin',(0.,44.,23.));
#2222=CARTESIAN_POINT('',(0.,57.,23.));
#2223=CARTESIAN_POINT('Origin',(120.,25.,35.));
#2224=CARTESIAN_POINT('',(117.5,28.7416573867739,23.));
#2225=CARTESIAN_POINT('',(117.5,28.7416573867739,35.));
#2226=CARTESIAN_POINT('',(117.5,28.7416573867739,35.));
#2227=CARTESIAN_POINT('',(120.,29.5,23.));
#2228=CARTESIAN_POINT('Origin',(120.,25.,23.));
#2229=CARTESIAN_POINT('',(120.,29.5,35.));
#2230=CARTESIAN_POINT('',(120.,29.5,35.));
#2231=CARTESIAN_POINT('Origin',(120.,25.,35.));
#2232=CARTESIAN_POINT('Origin',(120.,25.,23.));
#2233=CARTESIAN_POINT('',(117.5,21.2583426132261,23.));
#2234=CARTESIAN_POINT('',(117.5,12.5,23.));
#2235=CARTESIAN_POINT('',(120.,20.5,23.));
#2236=CARTESIAN_POINT('Origin',(120.,25.,23.));
#2237=CARTESIAN_POINT('',(120.,12.5,23.));
#2238=CARTESIAN_POINT('Origin',(120.,25.,35.));
#2239=CARTESIAN_POINT('',(117.5,21.2583426132261,35.));
#2240=CARTESIAN_POINT('',(117.5,21.2583426132261,35.));
#2241=CARTESIAN_POINT('',(120.,20.5,35.));
#2242=CARTESIAN_POINT('Origin',(120.,25.,35.));
#2243=CARTESIAN_POINT('',(120.,20.5,35.));
#2244=CARTESIAN_POINT('Origin',(120.,45.,35.));
#2245=CARTESIAN_POINT('',(117.5,48.7416573867739,23.));
#2246=CARTESIAN_POINT('',(117.5,48.7416573867739,35.));
#2247=CARTESIAN_POINT('',(117.5,48.7416573867739,35.));
#2248=CARTESIAN_POINT('',(120.,49.5,23.));
#2249=CARTESIAN_POINT('Origin',(120.,45.,23.));
#2250=CARTESIAN_POINT('',(120.,49.5,35.));
#2251=CARTESIAN_POINT('',(120.,49.5,35.));
#2252=CARTESIAN_POINT('Origin',(120.,45.,35.));
#2253=CARTESIAN_POINT('Origin',(120.,45.,23.));
#2254=CARTESIAN_POINT('',(117.5,41.2583426132261,23.));
#2255=CARTESIAN_POINT('',(117.5,22.5,23.));
#2256=CARTESIAN_POINT('',(120.,40.5,23.));
#2257=CARTESIAN_POINT('Origin',(120.,45.,23.));
#2258=CARTESIAN_POINT('',(120.,22.5,23.));
#2259=CARTESIAN_POINT('Origin',(120.,45.,35.));
#2260=CARTESIAN_POINT('',(117.5,41.2583426132261,35.));
#2261=CARTESIAN_POINT('',(117.5,41.2583426132261,35.));
#2262=CARTESIAN_POINT('',(120.,40.5,35.));
#2263=CARTESIAN_POINT('Origin',(120.,45.,35.));
#2264=CARTESIAN_POINT('',(120.,40.5,35.));
#2265=CARTESIAN_POINT('Origin',(60.,35.,35.));
#2266=CARTESIAN_POINT('',(120.,0.,35.));
#2267=CARTESIAN_POINT('',(117.5,17.5,35.));
#2268=CARTESIAN_POINT('Origin',(60.,35.,35.));
#2269=CARTESIAN_POINT('',(0.,0.,35.));
#2270=CARTESIAN_POINT('',(0.,70.,35.));
#2271=CARTESIAN_POINT('',(120.,0.,35.));
#2272=CARTESIAN_POINT('',(0.,0.,35.));
#2273=CARTESIAN_POINT('',(120.,0.,35.));
#2274=CARTESIAN_POINT('',(117.5,7.54899959967967,35.));
#2275=CARTESIAN_POINT('',(117.5,17.5,35.));
#2276=CARTESIAN_POINT('',(112.45100040032,2.5,35.));
#2277=CARTESIAN_POINT('Origin',(113.7,6.3,35.));
#2278=CARTESIAN_POINT('',(7.54899959967968,2.5,35.));
#2279=CARTESIAN_POINT('',(30.,2.5,35.));
#2280=CARTESIAN_POINT('',(2.5,7.54899959967968,35.));
#2281=CARTESIAN_POINT('Origin',(6.3,6.3,35.));
#2282=CARTESIAN_POINT('',(2.5,52.5,35.));
#2283=CARTESIAN_POINT('',(111.65,6.3,35.));
#2284=CARTESIAN_POINT('Origin',(113.7,6.3,35.));
#2285=CARTESIAN_POINT('',(4.25,6.3,35.));
#2286=CARTESIAN_POINT('Origin',(6.3,6.3,35.));
#2287=CARTESIAN_POINT('',(5.05100040032032,2.5,35.));
#2288=CARTESIAN_POINT('',(2.5,2.5,35.));
#2289=CARTESIAN_POINT('',(30.,2.5,35.));
#2290=CARTESIAN_POINT('',(2.5,5.05100040032032,35.));
#2291=CARTESIAN_POINT('',(2.5,52.5,35.));
#2292=CARTESIAN_POINT('Origin',(6.3,6.3,35.));
#2293=CARTESIAN_POINT('',(117.5,5.05100040032033,35.));
#2294=CARTESIAN_POINT('',(117.5,2.5,35.));
#2295=CARTESIAN_POINT('',(117.5,17.5,35.));
#2296=CARTESIAN_POINT('',(114.94899959968,2.5,35.));
#2297=CARTESIAN_POINT('',(30.,2.5,35.));
#2298=CARTESIAN_POINT('Origin',(113.7,6.3,35.));
#2299=CARTESIAN_POINT('Origin',(60.,35.,35.));
#2300=CARTESIAN_POINT('',(2.5,62.4510004003203,35.));
#2301=CARTESIAN_POINT('',(2.5,52.5,35.));
#2302=CARTESIAN_POINT('',(7.54899959967968,67.5,35.));
#2303=CARTESIAN_POINT('Origin',(6.3,63.7,35.));
#2304=CARTESIAN_POINT('',(112.45100040032,67.5,35.));
#2305=CARTESIAN_POINT('',(90.,67.5,35.));
#2306=CARTESIAN_POINT('',(117.5,62.4510004003203,35.));
#2307=CARTESIAN_POINT('Origin',(113.7,63.7,35.));
#2308=CARTESIAN_POINT('',(117.5,17.5,35.));
#2309=CARTESIAN_POINT('',(120.,70.,35.));
#2310=CARTESIAN_POINT('',(120.,0.,35.));
#2311=CARTESIAN_POINT('',(0.,70.,35.));
#2312=CARTESIAN_POINT('',(120.,70.,35.));
#2313=CARTESIAN_POINT('',(0.,70.,35.));
#2314=CARTESIAN_POINT('',(5.05100040032032,67.5,35.));
#2315=CARTESIAN_POINT('',(2.5,64.9489995996797,35.));
#2316=CARTESIAN_POINT('Origin',(6.3,63.7,35.));
#2317=CARTESIAN_POINT('',(2.5,67.5,35.));
#2318=CARTESIAN_POINT('',(2.5,52.5,35.));
#2319=CARTESIAN_POINT('',(90.,67.5,35.));
#2320=CARTESIAN_POINT('',(114.94899959968,67.5,35.));
#2321=CARTESIAN_POINT('',(117.5,67.5,35.));
#2322=CARTESIAN_POINT('',(90.,67.5,35.));
#2323=CARTESIAN_POINT('',(117.5,64.9489995996797,35.));
#2324=CARTESIAN_POINT('',(117.5,17.5,35.));
#2325=CARTESIAN_POINT('Origin',(113.7,63.7,35.));
#2326=CARTESIAN_POINT('',(111.65,63.7,35.));
#2327=CARTESIAN_POINT('Origin',(113.7,63.7,35.));
#2328=CARTESIAN_POINT('',(4.25,63.7,35.));
#2329=CARTESIAN_POINT('Origin',(6.3,63.7,35.));
#2330=CARTESIAN_POINT('Origin',(117.5,0.,0.));
#2331=CARTESIAN_POINT('',(117.5,62.4510004003203,2.5));
#2332=CARTESIAN_POINT('',(117.5,62.4510004003203,0.));
#2333=CARTESIAN_POINT('',(117.5,7.54899959967967,2.5));
#2334=CARTESIAN_POINT('',(117.5,17.5,2.5));
#2335=CARTESIAN_POINT('',(117.5,7.54899959967967,0.));
#2336=CARTESIAN_POINT('Origin',(110.,45.,2.5));
#2337=CARTESIAN_POINT('',(108.,45.,17.5));
#2338=CARTESIAN_POINT('Origin',(110.,45.,17.5));
#2339=CARTESIAN_POINT('',(108.,45.,2.5));
#2340=CARTESIAN_POINT('',(108.,45.,2.5));
#2341=CARTESIAN_POINT('Origin',(110.,45.,2.5));
#2342=CARTESIAN_POINT('Origin',(110.,45.,17.5));
#2343=CARTESIAN_POINT('Origin',(110.,25.,2.5));
#2344=CARTESIAN_POINT('',(108.,25.,17.5));
#2345=CARTESIAN_POINT('Origin',(110.,25.,17.5));
#2346=CARTESIAN_POINT('',(108.,25.,2.5));
#2347=CARTESIAN_POINT('',(108.,25.,2.5));
#2348=CARTESIAN_POINT('Origin',(110.,25.,2.5));
#2349=CARTESIAN_POINT('Origin',(110.,25.,17.5));
#2350=CARTESIAN_POINT('Origin',(10.,44.,2.5));
#2351=CARTESIAN_POINT('',(8.,44.,17.5));
#2352=CARTESIAN_POINT('Origin',(10.,44.,17.5));
#2353=CARTESIAN_POINT('',(8.,44.,2.5));
#2354=CARTESIAN_POINT('',(8.,44.,2.5));
#2355=CARTESIAN_POINT('Origin',(10.,44.,2.5));
#2356=CARTESIAN_POINT('Origin',(10.,44.,17.5));
#2357=CARTESIAN_POINT('Origin',(100.,25.,2.5));
#2358=CARTESIAN_POINT('',(99.,25.,2.5));
#2359=CARTESIAN_POINT('Origin',(100.,25.,2.5));
#2360=CARTESIAN_POINT('Origin',(100.,25.,8.5));
#2361=CARTESIAN_POINT('',(99.,25.,8.5));
#2362=CARTESIAN_POINT('',(99.,25.,8.5));
#2363=CARTESIAN_POINT('Origin',(100.,25.,8.5));
#2364=CARTESIAN_POINT('Origin',(35.,8.,2.5));
#2365=CARTESIAN_POINT('',(34.,8.,2.5));
#2366=CARTESIAN_POINT('Origin',(35.,8.,2.5));
#2367=CARTESIAN_POINT('Origin',(35.,8.,8.5));
#2368=CARTESIAN_POINT('',(34.,8.,8.5));
#2369=CARTESIAN_POINT('',(34.,8.,8.5));
#2370=CARTESIAN_POINT('Origin',(35.,8.,8.5));
#2371=CARTESIAN_POINT('Origin',(77.,58.,2.5));
#2372=CARTESIAN_POINT('',(76.,58.,2.5));
#2373=CARTESIAN_POINT('Origin',(77.,58.,2.5));
#2374=CARTESIAN_POINT('Origin',(77.,58.,8.5));
#2375=CARTESIAN_POINT('',(76.,58.,8.5));
#2376=CARTESIAN_POINT('',(76.,58.,8.5));
#2377=CARTESIAN_POINT('Origin',(77.,58.,8.5));
#2378=CARTESIAN_POINT('Origin',(77.,30.,2.5));
#2379=CARTESIAN_POINT('',(76.,30.,2.5));
#2380=CARTESIAN_POINT('Origin',(77.,30.,2.5));
#2381=CARTESIAN_POINT('Origin',(77.,30.,8.5));
#2382=CARTESIAN_POINT('',(76.,30.,8.5));
#2383=CARTESIAN_POINT('',(76.,30.,8.5));
#2384=CARTESIAN_POINT('Origin',(77.,30.,8.5));
#2385=CARTESIAN_POINT('Origin',(25.,58.,2.5));
#2386=CARTESIAN_POINT('',(24.,58.,2.5));
#2387=CARTESIAN_POINT('Origin',(25.,58.,2.5));
#2388=CARTESIAN_POINT('Origin',(25.,58.,8.5));
#2389=CARTESIAN_POINT('',(24.,58.,8.5));
#2390=CARTESIAN_POINT('',(24.,58.,8.5));
#2391=CARTESIAN_POINT('Origin',(25.,58.,8.5));
#2392=CARTESIAN_POINT('Origin',(25.,30.,2.5));
#2393=CARTESIAN_POINT('',(24.,30.,2.5));
#2394=CARTESIAN_POINT('Origin',(25.,30.,2.5));
#2395=CARTESIAN_POINT('Origin',(25.,30.,8.5));
#2396=CARTESIAN_POINT('',(24.,30.,8.5));
#2397=CARTESIAN_POINT('',(24.,30.,8.5));
#2398=CARTESIAN_POINT('Origin',(25.,30.,8.5));
#2399=CARTESIAN_POINT('Origin',(68.,20.,2.5));
#2400=CARTESIAN_POINT('',(67.,20.,2.5));
#2401=CARTESIAN_POINT('Origin',(68.,20.,2.5));
#2402=CARTESIAN_POINT('Origin',(68.,20.,8.5));
#2403=CARTESIAN_POINT('',(67.,20.,8.5));
#2404=CARTESIAN_POINT('',(67.,20.,8.5));
#2405=CARTESIAN_POINT('Origin',(68.,20.,8.5));
#2406=CARTESIAN_POINT('Origin',(100.,45.,2.5));
#2407=CARTESIAN_POINT('',(99.,45.,2.5));
#2408=CARTESIAN_POINT('Origin',(100.,45.,2.5));
#2409=CARTESIAN_POINT('Origin',(100.,45.,8.5));
#2410=CARTESIAN_POINT('',(99.,45.,8.5));
#2411=CARTESIAN_POINT('',(99.,45.,8.5));
#2412=CARTESIAN_POINT('Origin',(100.,45.,8.5));
#2413=CARTESIAN_POINT('Origin',(100.,45.,2.5));
#2414=CARTESIAN_POINT('',(97.5,45.,8.5));
#2415=CARTESIAN_POINT('Origin',(100.,45.,8.5));
#2416=CARTESIAN_POINT('',(97.5,45.,2.5));
#2417=CARTESIAN_POINT('',(97.5,45.,2.5));
#2418=CARTESIAN_POINT('Origin',(100.,45.,2.5));
#2419=CARTESIAN_POINT('Origin',(100.,45.,8.5));
#2420=CARTESIAN_POINT('Origin',(68.,20.,2.5));
#2421=CARTESIAN_POINT('',(65.5,20.,8.5));
#2422=CARTESIAN_POINT('Origin',(68.,20.,8.5));
#2423=CARTESIAN_POINT('',(65.5,20.,2.5));
#2424=CARTESIAN_POINT('',(65.5,20.,2.5));
#2425=CARTESIAN_POINT('Origin',(68.,20.,2.5));
#2426=CARTESIAN_POINT('Origin',(68.,20.,8.5));
#2427=CARTESIAN_POINT('Origin',(25.,30.,2.5));
#2428=CARTESIAN_POINT('',(22.5,30.,8.5));
#2429=CARTESIAN_POINT('Origin',(25.,30.,8.5));
#2430=CARTESIAN_POINT('',(22.5,30.,2.5));
#2431=CARTESIAN_POINT('',(22.5,30.,2.5));
#2432=CARTESIAN_POINT('Origin',(25.,30.,2.5));
#2433=CARTESIAN_POINT('Origin',(25.,30.,8.5));
#2434=CARTESIAN_POINT('Origin',(25.,58.,2.5));
#2435=CARTESIAN_POINT('',(22.5,58.,8.5));
#2436=CARTESIAN_POINT('Origin',(25.,58.,8.5));
#2437=CARTESIAN_POINT('',(22.5,58.,2.5));
#2438=CARTESIAN_POINT('',(22.5,58.,2.5));
#2439=CARTESIAN_POINT('Origin',(25.,58.,2.5));
#2440=CARTESIAN_POINT('Origin',(25.,58.,8.5));
#2441=CARTESIAN_POINT('Origin',(77.,30.,2.5));
#2442=CARTESIAN_POINT('',(74.5,30.,8.5));
#2443=CARTESIAN_POINT('Origin',(77.,30.,8.5));
#2444=CARTESIAN_POINT('',(74.5,30.,2.5));
#2445=CARTESIAN_POINT('',(74.5,30.,2.5));
#2446=CARTESIAN_POINT('Origin',(77.,30.,2.5));
#2447=CARTESIAN_POINT('Origin',(77.,30.,8.5));
#2448=CARTESIAN_POINT('Origin',(77.,58.,2.5));
#2449=CARTESIAN_POINT('',(74.5,58.,8.5));
#2450=CARTESIAN_POINT('Origin',(77.,58.,8.5));
#2451=CARTESIAN_POINT('',(74.5,58.,2.5));
#2452=CARTESIAN_POINT('',(74.5,58.,2.5));
#2453=CARTESIAN_POINT('Origin',(77.,58.,2.5));
#2454=CARTESIAN_POINT('Origin',(77.,58.,8.5));
#2455=CARTESIAN_POINT('Origin',(35.,8.,2.5));
#2456=CARTESIAN_POINT('',(32.5,8.,8.5));
#2457=CARTESIAN_POINT('Origin',(35.,8.,8.5));
#2458=CARTESIAN_POINT('',(32.5,8.,2.5));
#2459=CARTESIAN_POINT('',(32.5,8.,2.5));
#2460=CARTESIAN_POINT('Origin',(35.,8.,2.5));
#2461=CARTESIAN_POINT('Origin',(35.,8.,8.5));
#2462=CARTESIAN_POINT('Origin',(100.,25.,2.5));
#2463=CARTESIAN_POINT('',(97.5,25.,8.5));
#2464=CARTESIAN_POINT('Origin',(100.,25.,8.5));
#2465=CARTESIAN_POINT('',(97.5,25.,2.5));
#2466=CARTESIAN_POINT('',(97.5,25.,2.5));
#2467=CARTESIAN_POINT('Origin',(100.,25.,2.5));
#2468=CARTESIAN_POINT('Origin',(100.,25.,8.5));
#2469=CARTESIAN_POINT('Origin',(6.3,63.7,29.));
#2470=CARTESIAN_POINT('',(4.25,63.7,29.));
#2471=CARTESIAN_POINT('Origin',(6.3,63.7,29.));
#2472=CARTESIAN_POINT('Origin',(6.3,63.7,35.));
#2473=CARTESIAN_POINT('',(4.25,63.7,35.));
#2474=CARTESIAN_POINT('Origin',(113.7,6.3,29.));
#2475=CARTESIAN_POINT('',(111.65,6.3,29.));
#2476=CARTESIAN_POINT('Origin',(113.7,6.3,29.));
#2477=CARTESIAN_POINT('Origin',(113.7,6.3,35.));
#2478=CARTESIAN_POINT('',(111.65,6.3,35.));
#2479=CARTESIAN_POINT('Origin',(6.3,6.3,29.));
#2480=CARTESIAN_POINT('',(4.25,6.3,29.));
#2481=CARTESIAN_POINT('Origin',(6.3,6.3,29.));
#2482=CARTESIAN_POINT('Origin',(6.3,6.3,35.));
#2483=CARTESIAN_POINT('',(4.25,6.3,35.));
#2484=CARTESIAN_POINT('Origin',(113.7,63.7,29.));
#2485=CARTESIAN_POINT('',(111.65,63.7,29.));
#2486=CARTESIAN_POINT('Origin',(113.7,63.7,29.));
#2487=CARTESIAN_POINT('Origin',(113.7,63.7,35.));
#2488=CARTESIAN_POINT('',(111.65,63.7,35.));
#2489=CARTESIAN_POINT('Origin',(113.7,63.7,0.));
#2490=CARTESIAN_POINT('',(112.45100040032,67.5,2.5));
#2491=CARTESIAN_POINT('',(112.45100040032,67.5,0.));
#2492=CARTESIAN_POINT('Origin',(113.7,63.7,2.5));
#2493=CARTESIAN_POINT('Origin',(113.7,63.7,0.));
#2494=CARTESIAN_POINT('',(114.94899959968,67.5,2.5));
#2495=CARTESIAN_POINT('',(114.94899959968,67.5,0.));
#2496=CARTESIAN_POINT('',(117.5,64.9489995996797,2.5));
#2497=CARTESIAN_POINT('',(117.5,64.9489995996797,0.));
#2498=CARTESIAN_POINT('Origin',(113.7,63.7,2.5));
#2499=CARTESIAN_POINT('Origin',(120.,67.5,0.));
#2500=CARTESIAN_POINT('',(7.54899959967968,67.5,2.5));
#2501=CARTESIAN_POINT('',(7.54899959967968,67.5,0.));
#2502=CARTESIAN_POINT('',(90.,67.5,2.5));
#2503=CARTESIAN_POINT('Origin',(117.5,0.,0.));
#2504=CARTESIAN_POINT('',(117.5,67.5,2.5));
#2505=CARTESIAN_POINT('',(117.5,67.5,0.));
#2506=CARTESIAN_POINT('',(117.5,17.5,2.5));
#2507=CARTESIAN_POINT('Origin',(60.,35.,2.5));
#2508=CARTESIAN_POINT('',(2.5,62.4510004003203,2.5));
#2509=CARTESIAN_POINT('Origin',(6.3,63.7,2.5));
#2510=CARTESIAN_POINT('',(2.5,7.54899959967968,2.5));
#2511=CARTESIAN_POINT('',(2.5,52.5,2.5));
#2512=CARTESIAN_POINT('',(7.54899959967968,2.5,2.5));
#2513=CARTESIAN_POINT('Origin',(6.3,6.3,2.5));
#2514=CARTESIAN_POINT('',(112.45100040032,2.5,2.5));
#2515=CARTESIAN_POINT('',(30.,2.5,2.5));
#2516=CARTESIAN_POINT('Origin',(113.7,6.3,2.5));
#2517=CARTESIAN_POINT('Origin',(60.,35.,2.5));
#2518=CARTESIAN_POINT('',(90.,67.5,2.5));
#2519=CARTESIAN_POINT('Origin',(6.3,6.3,0.));
#2520=CARTESIAN_POINT('',(7.54899959967968,2.5,0.));
#2521=CARTESIAN_POINT('',(2.5,7.54899959967968,0.));
#2522=CARTESIAN_POINT('Origin',(6.3,6.3,0.));
#2523=CARTESIAN_POINT('',(5.05100040032032,2.5,2.5));
#2524=CARTESIAN_POINT('',(5.05100040032032,2.5,0.));
#2525=CARTESIAN_POINT('',(2.5,5.05100040032032,2.5));
#2526=CARTESIAN_POINT('',(2.5,5.05100040032032,0.));
#2527=CARTESIAN_POINT('Origin',(6.3,6.3,2.5));
#2528=CARTESIAN_POINT('Origin',(0.,2.5,0.));
#2529=CARTESIAN_POINT('',(112.45100040032,2.5,0.));
#2530=CARTESIAN_POINT('Origin',(0.,2.5,0.));
#2531=CARTESIAN_POINT('',(2.5,2.5,2.5));
#2532=CARTESIAN_POINT('',(30.,2.5,2.5));
#2533=CARTESIAN_POINT('',(2.5,2.5,0.));
#2534=CARTESIAN_POINT('Origin',(60.,35.,2.5));
#2535=CARTESIAN_POINT('',(2.5,52.5,2.5));
#2536=CARTESIAN_POINT('Origin',(2.5,70.,0.));
#2537=CARTESIAN_POINT('',(2.5,62.4510004003203,0.));
#2538=CARTESIAN_POINT('Origin',(2.5,70.,0.));
#2539=CARTESIAN_POINT('Origin',(113.7,6.3,0.));
#2540=CARTESIAN_POINT('Origin',(113.7,6.3,0.));
#2541=CARTESIAN_POINT('',(117.5,5.05100040032033,2.5));
#2542=CARTESIAN_POINT('',(117.5,5.05100040032033,0.));
#2543=CARTESIAN_POINT('',(114.94899959968,2.5,2.5));
#2544=CARTESIAN_POINT('',(114.94899959968,2.5,0.));
#2545=CARTESIAN_POINT('Origin',(113.7,6.3,2.5));
#2546=CARTESIAN_POINT('Origin',(0.,2.5,0.));
#2547=CARTESIAN_POINT('',(117.5,2.5,2.5));
#2548=CARTESIAN_POINT('',(117.5,2.5,0.));
#2549=CARTESIAN_POINT('',(30.,2.5,2.5));
#2550=CARTESIAN_POINT('Origin',(60.,35.,2.5));
#2551=CARTESIAN_POINT('',(117.5,17.5,2.5));
#2552=CARTESIAN_POINT('Origin',(6.3,63.7,0.));
#2553=CARTESIAN_POINT('Origin',(6.3,63.7,0.));
#2554=CARTESIAN_POINT('',(5.05100040032032,67.5,2.5));
#2555=CARTESIAN_POINT('',(5.05100040032032,67.5,0.));
#2556=CARTESIAN_POINT('',(2.5,64.9489995996797,2.5));
#2557=CARTESIAN_POINT('Origin',(6.3,63.7,2.5));
#2558=CARTESIAN_POINT('',(2.5,64.9489995996797,0.));
#2559=CARTESIAN_POINT('Origin',(120.,67.5,0.));
#2560=CARTESIAN_POINT('Origin',(120.,67.5,0.));
#2561=CARTESIAN_POINT('',(2.5,67.5,2.5));
#2562=CARTESIAN_POINT('',(2.5,67.5,0.));
#2563=CARTESIAN_POINT('',(90.,67.5,2.5));
#2564=CARTESIAN_POINT('Origin',(117.5,0.,0.));
#2565=CARTESIAN_POINT('Origin',(2.5,70.,0.));
#2566=CARTESIAN_POINT('',(2.5,52.5,2.5));
#2567=CARTESIAN_POINT('Origin',(60.,35.,2.5));
#2568=CARTESIAN_POINT('Origin',(120.,70.,0.));
#2569=CARTESIAN_POINT('',(120.,70.,0.));
#2570=CARTESIAN_POINT('',(0.,70.,0.));
#2571=CARTESIAN_POINT('',(120.,70.,0.));
#2572=CARTESIAN_POINT('',(0.,70.,0.));
#2573=CARTESIAN_POINT('',(120.,70.,0.));
#2574=CARTESIAN_POINT('Origin',(120.,0.,0.));
#2575=CARTESIAN_POINT('',(120.,0.,0.));
#2576=CARTESIAN_POINT('',(120.,0.,0.));
#2577=CARTESIAN_POINT('',(120.,0.,0.));
#2578=CARTESIAN_POINT('Origin',(0.,0.,0.));
#2579=CARTESIAN_POINT('',(0.,0.,0.));
#2580=CARTESIAN_POINT('',(0.,0.,0.));
#2581=CARTESIAN_POINT('',(0.,0.,0.));
#2582=CARTESIAN_POINT('Origin',(0.,70.,0.));
#2583=CARTESIAN_POINT('',(0.,70.,0.));
#2584=CARTESIAN_POINT('Origin',(60.,35.,0.));
#2585=CARTESIAN_POINT('Origin',(6.3,63.7,75.));
#2586=CARTESIAN_POINT('',(4.6,63.7,75.));
#2587=CARTESIAN_POINT('Origin',(6.3,63.7,75.));
#2588=CARTESIAN_POINT('',(4.6,63.7,77.5));
#2589=CARTESIAN_POINT('',(4.6,63.7,75.));
#2590=CARTESIAN_POINT('Origin',(6.3,63.7,77.5));
#2591=CARTESIAN_POINT('Origin',(113.7,6.3,75.));
#2592=CARTESIAN_POINT('',(112.,6.3,75.));
#2593=CARTESIAN_POINT('Origin',(113.7,6.3,75.));
#2594=CARTESIAN_POINT('',(112.,6.3,77.5));
#2595=CARTESIAN_POINT('',(112.,6.3,75.));
#2596=CARTESIAN_POINT('Origin',(113.7,6.3,77.5));
#2597=CARTESIAN_POINT('Origin',(6.3,6.3,75.));
#2598=CARTESIAN_POINT('',(4.6,6.3,75.));
#2599=CARTESIAN_POINT('Origin',(6.3,6.3,75.));
#2600=CARTESIAN_POINT('',(4.6,6.3,77.5));
#2601=CARTESIAN_POINT('',(4.6,6.3,75.));
#2602=CARTESIAN_POINT('Origin',(6.3,6.3,77.5));
#2603=CARTESIAN_POINT('Origin',(113.7,63.7,75.));
#2604=CARTESIAN_POINT('',(112.,63.7,75.));
#2605=CARTESIAN_POINT('Origin',(113.7,63.7,75.));
#2606=CARTESIAN_POINT('',(112.,63.7,77.5));
#2607=CARTESIAN_POINT('',(112.,63.7,75.));
#2608=CARTESIAN_POINT('Origin',(113.7,63.7,77.5));
#2609=CARTESIAN_POINT('Origin',(120.,70.,75.));
#2610=CARTESIAN_POINT('',(120.,70.,75.));
#2611=CARTESIAN_POINT('',(0.,70.,75.));
#2612=CARTESIAN_POINT('',(120.,70.,75.));
#2613=CARTESIAN_POINT('',(0.,70.,77.5));
#2614=CARTESIAN_POINT('',(0.,70.,75.));
#2615=CARTESIAN_POINT('',(120.,70.,77.5));
#2616=CARTESIAN_POINT('',(120.,70.,77.5));
#2617=CARTESIAN_POINT('',(120.,70.,75.));
#2618=CARTESIAN_POINT('Origin',(120.,0.,75.));
#2619=CARTESIAN_POINT('',(120.,0.,75.));
#2620=CARTESIAN_POINT('',(120.,0.,75.));
#2621=CARTESIAN_POINT('',(120.,0.,77.5));
#2622=CARTESIAN_POINT('',(120.,0.,77.5));
#2623=CARTESIAN_POINT('',(120.,0.,75.));
#2624=CARTESIAN_POINT('Origin',(0.,0.,75.));
#2625=CARTESIAN_POINT('',(0.,0.,75.));
#2626=CARTESIAN_POINT('',(0.,0.,75.));
#2627=CARTESIAN_POINT('',(0.,0.,77.5));
#2628=CARTESIAN_POINT('',(0.,0.,77.5));
#2629=CARTESIAN_POINT('',(0.,0.,75.));
#2630=CARTESIAN_POINT('Origin',(0.,70.,75.));
#2631=CARTESIAN_POINT('',(0.,70.,75.));
#2632=CARTESIAN_POINT('',(0.,70.,77.5));
#2633=CARTESIAN_POINT('Origin',(60.,35.,77.5));
#2634=CARTESIAN_POINT('Origin',(60.,35.,75.));
#2635=UNCERTAINTY_MEASURE_WITH_UNIT(LENGTH_MEASURE(0.01),#2639,
'DISTANCE_ACCURACY_VALUE',
'Maximum model space distance between geometric entities at asserted c
onnectivities');
#2636=UNCERTAINTY_MEASURE_WITH_UNIT(LENGTH_MEASURE(0.01),#2639,
'DISTANCE_ACCURACY_VALUE',
'Maximum model space distance between geometric entities at asserted c
onnectivities');
#2637=(
GEOMETRIC_REPRESENTATION_CONTEXT(3)
GLOBAL_UNCERTAINTY_ASSIGNED_CONTEXT((#2635))
GLOBAL_UNIT_ASSIGNED_CONTEXT((#2639,#2641,#2642))
REPRESENTATION_CONTEXT('','3D')
);
#2638=(
GEOMETRIC_REPRESENTATION_CONTEXT(3)
GLOBAL_UNCERTAINTY_ASSIGNED_CONTEXT((#2636))
GLOBAL_UNIT_ASSIGNED_CONTEXT((#2639,#2641,#2642))
REPRESENTATION_CONTEXT('','3D')
);
#2639=(
LENGTH_UNIT()
NAMED_UNIT(*)
SI_UNIT(.MILLI.,.METRE.)
);
#2640=(
LENGTH_UNIT()
NAMED_UNIT(*)
SI_UNIT($,.METRE.)
);
#2641=(
NAMED_UNIT(*)
PLANE_ANGLE_UNIT()
SI_UNIT($,.RADIAN.)
);
#2642=(
NAMED_UNIT(*)
SI_UNIT($,.STERADIAN.)
SOLID_ANGLE_UNIT()
);
#2643=SHAPE_DEFINITION_REPRESENTATION(#2644,#2645);
#2644=PRODUCT_DEFINITION_SHAPE('',$,#2647);
#2645=SHAPE_REPRESENTATION('',(#1543),#2637);
#2646=PRODUCT_DEFINITION_CONTEXT('part definition',#2651,'design');
#2647=PRODUCT_DEFINITION('ArduVCU Enclosure','ArduVCU Enclosure v1',#2648,
#2646);
#2648=PRODUCT_DEFINITION_FORMATION('',$,#2653);
#2649=PRODUCT_RELATED_PRODUCT_CATEGORY('ArduVCU Enclosure v1',
'ArduVCU Enclosure v1',(#2653));
#2650=APPLICATION_PROTOCOL_DEFINITION('international standard',
'automotive_design',2009,#2651);
#2651=APPLICATION_CONTEXT(
'Core Data for Automotive Mechanical Design Process');
#2652=PRODUCT_CONTEXT('part definition',#2651,'mechanical');
#2653=PRODUCT('ArduVCU Enclosure','ArduVCU Enclosure v1',$,(#2652));
#2654=PRESENTATION_STYLE_ASSIGNMENT((#2657));
#2655=PRESENTATION_STYLE_ASSIGNMENT((#2658));
#2656=PRESENTATION_STYLE_ASSIGNMENT((#2659));
#2657=SURFACE_STYLE_USAGE(.BOTH.,#2660);
#2658=SURFACE_STYLE_USAGE(.BOTH.,#2661);
#2659=SURFACE_STYLE_USAGE(.BOTH.,#2662);
#2660=SURFACE_SIDE_STYLE('',(#2663));
#2661=SURFACE_SIDE_STYLE('',(#2664));
#2662=SURFACE_SIDE_STYLE('',(#2665));
#2663=SURFACE_STYLE_FILL_AREA(#2666);
#2664=SURFACE_STYLE_FILL_AREA(#2667);
#2665=SURFACE_STYLE_FILL_AREA(#2668);
#2666=FILL_AREA_STYLE('Steel - Satin',(#2669));
#2667=FILL_AREA_STYLE('Plastic - Matte (White)',(#2670));
#2668=FILL_AREA_STYLE('Plastic - Matte (Blue)',(#2671));
#2669=FILL_AREA_STYLE_COLOUR('Steel - Satin',#2672);
#2670=FILL_AREA_STYLE_COLOUR('Plastic - Matte (White)',#2673);
#2671=FILL_AREA_STYLE_COLOUR('Plastic - Matte (Blue)',#2674);
#2672=COLOUR_RGB('Steel - Satin',0.627450980392157,0.627450980392157,0.627450980392157);
#2673=COLOUR_RGB('Plastic - Matte (White)',0.964705882352941,0.964705882352941,
0.952941176470588);
#2674=COLOUR_RGB('Plastic - Matte (Blue)',0.188235294117647,0.231372549019608,
0.588235294117647);
ENDSEC;
END-ISO-10303-21;
